instance,family,method,success,executed_makespan,weighted_soc,weighted_work_scaled,loaded_moves,free_moves,lift_drop,shelf_switches,robot_utilization,first_solution_ms,first_solution_makespan,first_solution_soc,first_solution_work_scaled,best_makespan,best_soc,best_work_scaled,improvement_attempts,improvement_candidates,improvement_improvements,improvement_generator_failures,reference_checkpoint_hits,reference_action_hints,reference_suffix_attempts,reference_suffix_accepted,improvement_exit_reason,reversals,assignment_restarts,assignment_second_solved,assignment_improvements,assignment_second_solution_ms,assignment_first_soc,assignment_second_soc,assignment_first_makespan,assignment_second_makespan,upper_epoch_builds,pair_cache_hits,pair_cache_misses,pair_rollout_steps,pair_rollout_truncations,pair_rollout_stalls,tau_guide_changes_on_upper_move,joint_task_nodes,joint_task_edges,joint_shared_effects,joint_effect_conflicts,joint_candidate_backtracks,joint_paused_roots,vacancy_potential_builds,vacancy_potential_time_ms,vacancy_potential_unreachable_cells,clearance_first_choice_fallbacks,guidance_version,epoch_first_transfer_comparisons,epoch_first_transfer_flips,epoch_chain_overlap_samples,epoch_chain_overlap_intersection,epoch_chain_overlap_union,epoch_chain_overlap_pct,upper_epoch_cache_evictions,ready_task_count,rho_repairs,rho_match_calls_execute,rho_match_calls_prepare,rho_candidates_input,rho_candidates_after_claims,rho_candidates_after_key_dedupe,rho_candidates_after_shelf_preselect,rho_candidates_after_priority,rho_invalid_filtered,rho_duplicate_key_filtered,rho_same_shelf_filtered,rho_upstream_claim_filtered,rho_mode_ineligible_filtered,rho_no_reachable_robot_filtered,rho_priority_filtered,rho_matrix_rows_total,rho_matrix_cols_total,rho_matrix_max_rows,rho_objective_version,rho_candidate_time_ms,rho_matrix_time_ms,rho_bottleneck_time_ms,rho_secondary_full_time_ms,rho_canonical_time_ms,rho_column_identity_same,rho_column_value_same,rho_mode_or_conflict_same,rho_changed_rows_0,rho_changed_rows_1,rho_changed_rows_2,rho_changed_rows_gt2,rho_assignment_changes,custody_continuations,zero_empty_no_ready,rewire_guidance_rebuilds,tau_time_ms,guidance_time_ms,timed_transport_expansions,timed_transport_frames,timed_transport_time_ms,owner_handoffs,causal_waiting,traffic_waiting,brd_tau_ms,brd_upper_ms,brd_upper_nodes,brd_upper_constraints,brd_upper_steps,brd_upper_transfers,brd_vacancy_potential_builds,brd_vacancy_potential_time_ms,brd_vacancy_potential_unreachable_cells,brd_selected_clearance_pushes,brd_selected_clearance_loaded_steps,brd_clearance_first_choice_fallbacks,brd_guidance_version,brd_task_compile_ms,brd_waves,brd_tasks,brd_max_wave_width,brd_target_tasks,brd_anon_tasks,brd_match_calls,brd_match_ms,brd_match_max_cardinality_ms,brd_match_max_cardinality_cutoffs,brd_match_max_rows,brd_match_rows_without_finite_real_edge,brd_match_maximum_real_cardinality,brd_match_real_assignments,brd_match_hall_deficient_calls,brd_dispatch_epochs,brd_completion_events,brd_tasks_completed_per_event,brd_locked_carriers_max,brd_provisional_reassignments,brd_segments,brd_segment_ms,brd_segment_nodes,brd_segment_failures,brd_cleanup_ms,brd_replay_ms,brd_raw_ticks,brd_raw_work_scaled,brd_goal_prefix_removed,brd_incidental_goal_prefix_ms,brd_raw_plan_valid,brd_exit_reason,deliverable_ms,solver_runtime_ms,plan_sha256,runtime_sec,status,raw
brap_h10w10_a12_e3_B_seed0_pool,g10x10,carrier,1,161,351.0,351000000,43,186,84,12,0.1335,304,171,379,379000000,161,351,351000000,1,0,0,9161,443,528,0,0,SEARCH_CUTOFF,26,1,0,0,-1,351,-1,161,-1,226,4026,226,141258,0,0,0,3154,2658,234,47754,21585,8,6003,27.3594,24012,122077,TASKBR_VACANCY_V1,8449,4324,8449,26546,36724,72.2852,0,79312,34434,40783,40783,128093,125882,66976,66976,66976,0,0,0,9,0,0,0,66976,67098,3,BOTTLENECK_TARGET_FRONTIER_CONTINUITY_V2,114.177,19.5737,51.9831,15.1728,26.969,17099,410,19482,0,4963,35818,0,34434,3737,0,10995,0,3063.56,185396,55164,658.099,8511,0,0,,,,,,,,,,,,,,,,,,,,,,,,,,,,,,,,,,,,,,,,,,,,,,9004.08,9004.13,693d15dc813399c3b2cffec11699b29ce1a78cdd6e4eddbe84e77c73c0f58e47,9.026,ok,
brap_h10w10_a12_e3_B_seed1_pool,g10x10,carrier,1,691,1562.0,1562000000,237,698,432,152,0.1715,1196,739,1690,1690000000,691,1562,1562000000,1,0,0,4691,1,3,0,0,SEARCH_CUTOFF,81,1,0,0,-1,1562,-1,691,-1,533,3420,533,706473,0,0,10,25029,23452,14416,455310,193934,316,37337,149.45,149348,483030,TASKBR_VACANCY_V1,29392,23942,29392,170457,629249,27.089,60,68770,22039,23637,23637,99702,98395,57628,57628,57628,0,0,0,268,0,0,0,57628,57634,3,BOTTLENECK_TARGET_FRONTIER_CONTINUITY_V2,119.536,31.7059,74.2217,15.9396,33.8655,8734,500,10788,0,2553,21082,0,22039,2430,0,5578,0,5226.67,104094,31260,1818.28,4726,0,5,,,,,,,,,,,,,,,,,,,,,,,,,,,,,,,,,,,,,,,,,,,,,,8817.38,8817.44,3811759de4f1aff41b353216556164ed9e3928ea8fb82d85edd30d9714bac8eb,8.838,ok,
brap_h10w10_a12_e3_R1_seed0,g10x10,carrier,1,541,1208.0,1208000000,189,550,332,102,0.1747,298,577,1290,1290000000,541,1208,1208000000,1,0,0,7328,83,249,0,0,SEARCH_CUTOFF,65,0,0,0,-1,-1,-1,-1,-1,403,3440,403,16525,0,0,0,12054,11001,5473,243473,98440,50,9873,45.0888,39492,133103,TASKBR_VACANCY_V1,11495,7159,11495,38696,94791,40.8224,0,75470,31799,39066,39066,119125,116661,65526,65526,65526,0,0,0,136,0,0,0,65526,66490,3,BOTTLENECK_TARGET_FRONTIER_CONTINUITY_V2,114.883,23.1475,56.1187,16.337,23.0034,16755,456,18513,0,4959,34105,0,31799,3618,0,9227,0,3476.72,179822,54277,852.668,7617,129,1,,,,,,,,,,,,,,,,,,,,,,,,,,,,,,,,,,,,,,,,,,,,,,8993.09,8993.2,c29d9ca19208072641928f82b9ef95d6d6bc1e6dba2b6c72c4e244ab3caed264,9.026,ok,
brap_h10w10_a12_e3_R1_seed1,g10x10,carrier,1,875,1944.0,1944000000,297,924,496,177,0.1697,641,1095,2482,2482000000,875,1944,1944000000,1,1,1,7,47,141,0,0,STRICT_IMPROVEMENT,137,0,0,0,-1,-1,-1,-1,-1,649,161,649,43840,0,0,0,27462,25608,11439,584774,245334,210,24837,103.075,99348,305194,TASKBR_VACANCY_V1,4599,3757,4599,16220,87751,18.4841,137,5848,1984,2298,2298,9534,9246,5027,5027,5027,0,0,0,85,0,0,0,5027,5037,3,BOTTLENECK_TARGET_FRONTIER_CONTINUITY_V2,12.3376,2.62861,6.61914,1.29108,3.45118,729,114,1037,0,49,2247,0,1984,907,0,0,0,1120.15,14513,3878,154.083,199,2,11,,,,,,,,,,,,,,,,,,,,,,,,,,,,,,,,,,,,,,,,,,,,,,1305.19,1305.28,992ef272427f0a913d51d214f71377407cd5162d647ac370859f8aa0f853215f,1.319,ok,
brap_h10w10_a12_e8_B_seed0_pool,g10x10,carrier,1,400,856.0,856000000,95,510,186,48,0.1187,1609,1588,3146,3146000000,400,856,856000000,1,1,1,0,1,3,0,0,STRICT_IMPROVEMENT,143,1,1,1,1786,1118,856,558,400,256,473,256,610237,0,0,5,3345,2155,390,33481,11205,0,55332,201.829,221328,181801,TASKBR_VACANCY_V1,4628,1386,4628,9201,14220,64.7046,0,14832,3216,3101,3101,19710,19160,13804,13804,13804,0,0,0,3,0,0,0,13804,13812,7,BOTTLENECK_TARGET_FRONTIER_CONTINUITY_V2,29.2486,3.90189,20.6415,4.81237,14.4394,1388,50,1487,0,178,2921,0,3216,749,0,0,0,1645.01,21087,5437,92.5177,132,0,33,,,,,,,,,,,,,,,,,,,,,,,,,,,,,,,,,,,,,,,,,,,,,,1810.24,1810.31,4b4a21ed27c6ceeddbdf700e3cdd43ea5f91fdee77e4532e3ae69202e5bb1d38,1.821,ok,
brap_h10w10_a12_e8_B_seed1_pool,g10x10,carrier,1,407,810.0,810000000,90,478,174,41,0.1106,1280,1290,2648,2648000000,407,810,810000000,1,0,0,5427,2,6,0,0,SEARCH_CUTOFF,69,1,0,0,-1,810,-1,407,-1,275,3861,275,332402,0,0,5,3412,2120,158,21775,10262,0,33462,127.051,133848,129844,TASKBR_VACANCY_V1,17120,3801,17120,37201,46014,80.8471,0,161437,34835,38979,38979,204085,201991,141304,141304,141304,0,0,0,8,0,0,0,141304,141309,7,BOTTLENECK_TARGET_FRONTIER_CONTINUITY_V2,228.44,31.4813,160.692,38.3387,88.1708,17633,381,19989,0,4271,34706,0,34835,758,0,8501,0,4072.28,176750,52418,765.263,8126,0,0,,,,,,,,,,,,,,,,,,,,,,,,,,,,,,,,,,,,,,,,,,,,,,8970.92,8970.98,ab1df7a9dea25114d1047265d80d98359a745b74e72f4e11b0ab093e563bad93,8.992,ok,
brap_h10w10_a12_e8_R1_seed0,g10x10,carrier,1,1365,2940.0,2940000000,367,1620,698,273,0.1344,699,1869,4058,4058000000,1365,2940,2940000000,1,0,0,7015,28,84,0,0,SEARCH_CUTOFF,290,0,0,0,-1,-1,-1,-1,-1,799,4845,799,73005,0,0,0,11837,8788,2818,173977,57162,0,48396,189.954,193584,114683,TASKBR_VACANCY_V1,15087,9024,15087,42086,102202,41.1792,287,74007,38411,42724,42724,117314,115339,72531,72531,72531,0,0,0,211,0,0,0,72531,80149,8,BOTTLENECK_TARGET_FRONTIER_CONTINUITY_V2,131.797,24.3218,69.1914,19.9925,33.8173,17580,698,19766,0,4625,38097,0,38411,1857,0,9052,0,3789.84,160526,56994,793.523,10382,1095,20,,,,,,,,,,,,,,,,,,,,,,,,,,,,,,,,,,,,,,,,,,,,,,9045.53,9045.62,a4221c9a24e159884dee67de78fe279dedcc8469b536be0785b9a0d951a63d9b,9.072,ok,
brap_h10w10_a12_e8_R1_seed1,g10x10,carrier,1,1080,2258.0,2258000000,243,1358,474,158,0.1125,813,1764,3674,3674000000,1080,2258,2258000000,1,0,0,4872,93,279,0,0,SEARCH_CUTOFF,163,0,0,0,-1,-1,-1,-1,-1,514,4083,514,46208,0,0,0,15268,11667,3529,230043,82813,10,31457,128.647,125828,159543,TASKBR_VACANCY_V1,41464,10566,41464,106224,167786,63.3092,30,234527,30698,31415,31415,271644,269523,200887,200887,200887,0,0,0,13,0,0,0,200887,200890,8,BOTTLENECK_TARGET_FRONTIER_CONTINUITY_V2,363.256,63.0269,363.741,91.0247,256.768,13262,577,15811,0,2410,29003,0,30698,908,0,6316,0,4946.08,138403,41321,1233.68,5181,1,0,,,,,,,,,,,,,,,,,,,,,,,,,,,,,,,,,,,,,,,,,,,,,,8896.82,8896.9,504e8029d71bc0d6c6722c9bd91a1e49d3e43ca9d987cff607dd336736b2515b,8.92,ok,
brap_h10w10_a1_e1_B_seed0_pool,g10x10,carrier,1,49,101.0,101000000,15,45,29,5,0.1531,15,49,102,102000000,49,101,101000000,1,1,1,3,49,145,0,0,STRICT_IMPROVEMENT,0,1,1,1,22,102,101,49,49,33,1,33,9137,0,0,0,92,61,0,89,45,0,776,3.02967,3104,4418,TASKBR_VACANCY_V1,29,29,29,61,110,55.4545,0,66,62,105,105,147,147,125,125,125,0,0,0,0,0,0,0,125,163,1,BOTTLENECK_TARGET_FRONTIER_CONTINUITY_V2,0.288955,0.049842,0.117299,0.041017,0.034552,27,7,23,0,9,94,0,62,32,0,0,0,17.6224,322,159,1.17596,4,4,0,,,,,,,,,,,,,,,,,,,,,,,,,,,,,,,,,,,,,,,,,,,,,,25.4943,25.5148,475bd6ca948f18705ff96531af6189d4540b05cf65a80473c6aed2f7f84526e1,0.033,ok,
brap_h10w10_a1_e1_B_seed1_pool,g10x10,carrier,1,0,0.0,0,0,0,0,0,0.0,0,0,0,0,0,0,0,1,0,0,0,0,0,0,0,SEARCH_EXHAUSTED,0,1,0,0,-1,0,-1,0,-1,2,0,2,256,0,0,0,0,0,0,0,0,0,13,0.079419,52,24,TASKBR_VACANCY_V1,0,0,0,0,0,0,0,0,0,2,2,0,0,0,0,0,0,0,0,0,0,0,0,0,0,0,BOTTLENECK_TARGET_FRONTIER_CONTINUITY_V2,0.002234,0,0,0,0,0,0,0,0,0,0,0,0,0,0,0,0,0.519331,0,0,0.00242,0,0,0,,,,,,,,,,,,,,,,,,,,,,,,,,,,,,,,,,,,,,,,,,,,,,0.784905,0.801707,e3b0c44298fc1c149afbf4c8996fb92427ae41e4649b934ca495991b7852b855,0.008,ok,
brap_h10w10_a1_e1_R1_seed0,g10x10,carrier,1,40,80.0,80000000,11,39,21,3,0.1375,4,40,81,81000000,40,80,80000000,1,1,1,4,42,121,0,0,STRICT_IMPROVEMENT,0,0,0,0,-1,-1,-1,-1,-1,25,1,25,134,0,0,0,86,63,0,2000,1321,0,139,0.772253,556,1151,TASKBR_VACANCY_V1,21,21,21,49,108,45.3704,0,56,43,87,87,127,127,111,111,111,0,0,0,0,0,0,0,111,147,1,BOTTLENECK_TARGET_FRONTIER_CONTINUITY_V2,0.24426,0.043272,0.093992,0.033856,0.023295,32,6,28,0,9,76,0,43,24,0,0,0,7.14478,278,137,1.09223,0,10,0,,,,,,,,,,,,,,,,,,,,,,,,,,,,,,,,,,,,,,,,,,,,,,13.9962,14.0191,8be569b292efa6624174856d52c2bcf8cf48c5e5c047680f4e23b29c1abe4de5,0.021,ok,
brap_h10w10_a1_e1_R1_seed1,g10x10,carrier,1,163,332.0,332000000,52,138,103,21,0.1595,20,163,333,333000000,163,332,332000000,1,1,1,4,163,487,0,0,STRICT_IMPROVEMENT,12,0,0,0,-1,-1,-1,-1,-1,107,1,107,3506,0,0,0,338,233,0,53,183,0,1905,7.43415,7620,1357,TASKBR_VACANCY_V1,103,103,103,233,416,56.0096,0,220,241,334,334,488,488,412,412,412,0,0,0,0,0,0,0,412,530,1,BOTTLENECK_TARGET_FRONTIER_CONTINUITY_V2,0.923602,0.157741,0.356541,0.125852,0.099077,81,7,77,0,13,319,0,241,106,0,0,0,31.9833,1046,521,3.84547,32,30,0,,,,,,,,,,,,,,,,,,,,,,,,,,,,,,,,,,,,,,,,,,,,,,56.7132,56.7418,f4231244c7fdd3f5e8f986d44ffd8e0599065af2aa841be9927620952c798c7f,0.065,ok,
brap_h20w20_a40_e100_B_seed0_pool,g20x20,carrier,0,,,,,,,,,,,,,,,,,,,,,,,,,,,,,,,,,,,,,,,,,,,,,,,414037,4091.42,6624592,57482,TASKBR_VACANCY_V1,262,22,262,439,516,85.0775,0,,,,,,,,,,,,,,,,,,,,,,,,,,,,,,,,,,,,,,,,,,,,,,,,,,,,,,,,,,,,,,,,,,,,,,,,,,,,,,,,,,,,,,,,,,,,,9.271,timeout,ements=0 assignment_second_solution_ms=-1 assignment_first_soc=-1 assignment_second_soc=-1 assignment_first_makespan=-1 assignment_second_makespan=-1
brap_h20w20_a40_e100_B_seed1_pool,g20x20,carrier,0,,,,,,,,,,,,,,,,,,,,,,,,,,,,,,,,,,,,,,,,,,,,,,,439677,4354.33,7034832,69472,TASKBR_VACANCY_V1,428,24,428,883,949,93.0453,0,,,,,,,,,,,,,,,,,,,,,,,,,,,,,,,,,,,,,,,,,,,,,,,,,,,,,,,,,,,,,,,,,,,,,,,,,,,,,,,,,,,,,,,,,,,,,8.574,timeout,ements=0 assignment_second_solution_ms=-1 assignment_first_soc=-1 assignment_second_soc=-1 assignment_first_makespan=-1 assignment_second_makespan=-1
brap_h20w20_a40_e100_R1_seed0,g20x20,carrier,1,947,4934.0,4934000000,513,3235,914,279,0.1083,5939,949,4944,4944000000,947,4934,4934000000,1,0,0,0,21,126,0,0,SEARCH_CUTOFF,563,0,0,0,-1,-1,-1,-1,-1,492,218,492,107805,0,0,0,21250,10013,1079,9920,2412,0,92691,1012.83,1483056,19833,TASKBR_VACANCY_V1,16399,1661,16399,27984,33477,83.5917,154,34460,3343,1518,1518,39225,39052,34427,34427,34427,0,0,0,22,0,0,0,34427,34593,37,BOTTLENECK_TARGET_FRONTIER_CONTINUITY_V2,170.885,22.1004,529.414,124.764,4555.86,203,3,385,0,5,3,1508,3343,868,0,0,0,8068.21,103082,11763,347.021,230,15,0,,,,,,,,,,,,,,,,,,,,,,,,,,,,,,,,,,,,,,,,,,,,,,8571.01,8571.16,ac47730cffadee4d6370ed83af2f10388ad1c753446d4c3256cb5b752fb8926d,8.603,ok,
brap_h20w20_a40_e100_R1_seed1,g20x20,carrier,1,876,4413.0,4413000000,359,3168,680,190,0.082,2989,941,4800,4800000000,876,4413,4413000000,1,1,1,0,78,468,0,0,STRICT_IMPROVEMENT,714,0,0,0,-1,-1,-1,-1,-1,595,152,595,96516,0,0,0,14254,5241,527,12702,9949,0,85495,949.758,1367920,26853,TASKBR_VACANCY_V1,11312,1145,11312,16320,19256,84.7528,83,35317,4578,2098,2098,40719,40640,35731,35731,35731,0,0,0,10,0,0,0,35731,36544,32,BOTTLENECK_TARGET_FRONTIER_CONTINUITY_V2,180.476,19.4314,381.444,87.163,1978.41,576,7,782,0,8,19,2069,4578,929,0,0,0,5330.95,137960,15906,332.594,508,48,0,,,,,,,,,,,,,,,,,,,,,,,,,,,,,,,,,,,,,,,,,,,,,,5922.93,5923.07,049115152a1189e894eedb78ebc3199f5f0e645cc17690bdb847688f1cbea17b,5.954,ok,
brap_h20w20_a40_e10_B_seed0_pool,g20x20,carrier,0,,,,,,,,,,,,,,,,,,,,,,,,,,,,,,,,,,,,,,,,,,,,,,,494669,5378.96,7914704,602445,TASKBR_VACANCY_V1,555,367,555,3129,16948,18.4624,0,,,,,,,,,,,,,,,,,,,,,,,,,,,,,,,,,,,,,,,,,,,,,,,,,,,,,,,,,,,,,,,,,,,,,,,,,,,,,,,,,,,,,,,,,,,,,8.512,timeout,ements=0 assignment_second_solution_ms=-1 assignment_first_soc=-1 assignment_second_soc=-1 assignment_first_makespan=-1 assignment_second_makespan=-1
brap_h20w20_a40_e10_B_seed1_pool,g20x20,carrier,0,,,,,,,,,,,,,,,,,,,,,,,,,,,,,,,,,,,,,,,,,,,,,,,463577,5141.2,7417232,852818,TASKBR_VACANCY_V1,1251,819,1251,8761,32902,26.6276,0,,,,,,,,,,,,,,,,,,,,,,,,,,,,,,,,,,,,,,,,,,,,,,,,,,,,,,,,,,,,,,,,,,,,,,,,,,,,,,,,,,,,,,,,,,,,,8.546,timeout,ements=0 assignment_second_solution_ms=-1 assignment_first_soc=-1 assignment_second_soc=-1 assignment_first_makespan=-1 assignment_second_makespan=-1
brap_h20w20_a40_e10_R1_seed0,g20x20,carrier,0,,,,,,,,,,,,,,,,,,,,,,,,,,,,,,,,,,,,,,,,,,,,,,,223567,2696.85,3577072,617036,TASKBR_VACANCY_V1,28881,17927,28881,190534,777817,24.496,494,,,,,,,,,,,,,,,,,,,,,,,,,,,,,,,,,,,,,,,,,,,,,,,,,,,,,,,,,,,,,,,,,,,,,,,,,,,,,,,,,,,,,,,,,,,,,8.546,timeout,ements=0 assignment_second_solution_ms=-1 assignment_first_soc=-1 assignment_second_soc=-1 assignment_first_makespan=-1 assignment_second_makespan=-1
brap_h20w20_a40_e10_R1_seed1,g20x20,carrier,0,,,,,,,,,,,,,,,,,,,,,,,,,,,,,,,,,,,,,,,,,,,,,,,213906,2583.41,3422496,549209,TASKBR_VACANCY_V1,27960,17620,27960,202983,743569,27.2985,492,,,,,,,,,,,,,,,,,,,,,,,,,,,,,,,,,,,,,,,,,,,,,,,,,,,,,,,,,,,,,,,,,,,,,,,,,,,,,,,,,,,,,,,,,,,,,8.546,timeout,ements=0 assignment_second_solution_ms=-1 assignment_first_soc=-1 assignment_second_soc=-1 assignment_first_makespan=-1 assignment_second_makespan=-1
brap_h40w40_a160_e400_R1_seed0,g40x40,carrier,0,,,,,,,,,,,,,,,,,,,,,,,,,,,,,,,,,,,,,,,,,,,,,,,1450,63.6078,92800,258,TASKBR_VACANCY_V1,0,0,0,0,0,0,0,,,,,,,,,,,,,,,,,,,,,,,,,,,,,,,,,,,,,,,,,,,,,,,,,,,,,,,,,,,,,,,,,,,,,,,,,,,,,,,,,,,,,,,,,,,,,9.094,timeout,ements=0 assignment_second_solution_ms=-1 assignment_first_soc=-1 assignment_second_soc=-1 assignment_first_makespan=-1 assignment_second_makespan=-1
brap_h40w40_a160_e400_R1_seed1,g40x40,carrier,0,,,,,,,,,,,,,,,,,,,,,,,,,,,,,,,,,,,,,,,,,,,,,,,,,,,,,,,,,,,,,,,,,,,,,,,,,,,,,,,,,,,,,,,,,,,,,,,,,,,,,,,,,,,,,,,,,,,,,,,,,,,,,,,,,,,,,,,,,,,,,,,,,,,,,,,10.008,timeout,
brap_h40w40_a160_e40_R1_seed0,g40x40,carrier,0,,,,,,,,,,,,,,,,,,,,,,,,,,,,,,,,,,,,,,,,,,,,,,,29856,1366.62,1910784,56455,TASKBR_VACANCY_V1,275,49,275,2887,3930,73.4606,0,,,,,,,,,,,,,,,,,,,,,,,,,,,,,,,,,,,,,,,,,,,,,,,,,,,,,,,,,,,,,,,,,,,,,,,,,,,,,,,,,,,,,,,,,,,,,8.532,timeout,ements=0 assignment_second_solution_ms=-1 assignment_first_soc=-1 assignment_second_soc=-1 assignment_first_makespan=-1 assignment_second_makespan=-1
brap_h40w40_a160_e40_R1_seed1,g40x40,carrier,0,,,,,,,,,,,,,,,,,,,,,,,,,,,,,,,,,,,,,,,,,,,,,,,10487,478.148,671168,9086,TASKBR_VACANCY_V1,0,0,0,0,0,0,0,,,,,,,,,,,,,,,,,,,,,,,,,,,,,,,,,,,,,,,,,,,,,,,,,,,,,,,,,,,,,,,,,,,,,,,,,,,,,,,,,,,,,,,,,,,,,8.532,timeout,ements=0 assignment_second_solution_ms=-1 assignment_first_soc=-1 assignment_second_soc=-1 assignment_first_makespan=-1 assignment_second_makespan=-1
brap_h40w40_a80_e400_B_seed0_pool,g40x40,carrier,0,,,,,,,,,,,,,,,,,,,,,,,,,,,,,,,,,,,,,,,,,,,,,,,,,,,,,,,,,,,,,,,,,,,,,,,,,,,,,,,,,,,,,,,,,,,,,,,,,,,,,,,,,,,,,,,,,,,,,,,,,,,,,,,,,,,,,,,,,,,,,,,,,,,,,,,10.005,timeout,
brap_h40w40_a80_e400_B_seed1_pool,g40x40,carrier,0,,,,,,,,,,,,,,,,,,,,,,,,,,,,,,,,,,,,,,,,,,,,,,,,,,,,,,,,,,,,,,,,,,,,,,,,,,,,,,,,,,,,,,,,,,,,,,,,,,,,,,,,,,,,,,,,,,,,,,,,,,,,,,,,,,,,,,,,,,,,,,,,,,,,,,,10.012,timeout,
brap_h40w40_a80_e40_B_seed0_pool,g40x40,carrier,0,,,,,,,,,,,,,,,,,,,,,,,,,,,,,,,,,,,,,,,,,,,,,,,,,,,,,,,,,,,,,,,,,,,,,,,,,,,,,,,,,,,,,,,,,,,,,,,,,,,,,,,,,,,,,,,,,,,,,,,,,,,,,,,,,,,,,,,,,,,,,,,,,,,,,,,10.013,timeout,
brap_h40w40_a80_e40_B_seed1_pool,g40x40,carrier,0,,,,,,,,,,,,,,,,,,,,,,,,,,,,,,,,,,,,,,,,,,,,,,,,,,,,,,,,,,,,,,,,,,,,,,,,,,,,,,,,,,,,,,,,,,,,,,,,,,,,,,,,,,,,,,,,,,,,,,,,,,,,,,,,,,,,,,,,,,,,,,,,,,,,,,,10.009,timeout,
brap_h4w10_a5_e10_B_seed0_pool,g4x10,carrier,1,18,36.0,36000000,5,19,10,0,0.1389,5,18,38,38000000,18,36,36000000,1,1,1,8,89,75,0,0,STRICT_IMPROVEMENT,1,1,1,1,13,38,36,18,18,12,13,12,3503,0,0,0,32,11,0,61,51,0,661,1.1178,2644,440,TASKBR_VACANCY_V1,41,17,41,50,67,74.6269,0,340,92,180,180,415,415,332,332,332,0,0,0,0,0,0,0,332,332,3,BOTTLENECK_TARGET_FRONTIER_CONTINUITY_V2,0.369709,0.076833,0.260485,0.067654,0.11874,111,4,122,0,39,139,0,92,24,0,5,0,10.6878,1164,310,1.47982,24,0,0,,,,,,,,,,,,,,,,,,,,,,,,,,,,,,,,,,,,,,,,,,,,,,14.522,14.5341,323dbf889e470387f09f157364edd426eaa62947e8d40aee60c63f49b0720c75,0.021,ok,
brap_h4w10_a5_e10_B_seed1_pool,g4x10,carrier,1,34,65.0,65000000,10,31,19,3,0.1471,11,34,66,66000000,34,65,65000000,1,1,1,2,34,100,0,0,STRICT_IMPROVEMENT,3,1,1,1,14,66,65,34,34,23,5,23,7741,0,0,0,56,29,4,51,28,0,1388,2.26518,5552,884,TASKBR_VACANCY_V1,28,19,28,43,80,53.75,0,67,50,80,80,122,122,93,93,93,0,0,0,0,0,0,0,93,119,2,BOTTLENECK_TARGET_FRONTIER_CONTINUITY_V2,0.160026,0.034497,0.089883,0.029503,0.028774,25,7,21,0,11,67,0,50,26,0,0,0,12.6413,284,116,0.642292,6,4,0,,,,,,,,,,,,,,,,,,,,,,,,,,,,,,,,,,,,,,,,,,,,,,15.2207,15.2327,8b07c607629b128be6f7cf30e96f8bc3d280a1daa0eb6dad8a1d9f44e1a6428d,0.022,ok,
brap_h4w10_a5_e10_R1_seed0,g4x10,carrier,1,231,488.0,488000000,66,264,124,39,0.1429,73,497,1002,1002000000,231,488,488000000,1,0,0,7549,22,65,0,0,SEARCH_CUTOFF,48,0,0,0,-1,-1,-1,-1,-1,4787,22477,4787,138334,0,0,0,42240,29147,3733,297051,122571,0,100973,207.315,403892,231156,TASKBR_VACANCY_V1,78233,31671,78233,191872,328893,58.3387,4471,227868,69161,91710,91710,336339,322979,189352,189352,189352,0,0,0,57,0,0,0,189352,189647,4,BOTTLENECK_TARGET_FRONTIER_CONTINUITY_V2,203.525,50.0554,163.559,41.7094,83.7784,42174,4917,51680,0,11910,79798,0,69161,7585,0,16752,0,5043.55,408093,124174,1136.61,19318,0,25,,,,,,,,,,,,,,,,,,,,,,,,,,,,,,,,,,,,,,,,,,,,,,9587.92,9587.96,08f7fc935332a5b7c0321c7a25728c14a2dbbc5288faea409cfd9f43ef22f317,9.635,ok,
brap_h4w10_a5_e10_R1_seed1,g4x10,carrier,1,62,130.0,130000000,21,59,40,8,0.1694,6,67,142,142000000,62,130,130000000,1,1,1,4910,319,264,0,0,STRICT_IMPROVEMENT,5,0,0,0,-1,-1,-1,-1,-1,1761,14370,1761,11470,0,0,0,6575,2843,24,6136,5919,0,10878,32.002,43512,9096,TASKBR_VACANCY_V1,33395,9091,33395,55304,72642,76.1323,1487,124033,45646,61626,61626,193550,187539,106455,106455,106455,0,0,0,0,0,0,0,106455,106459,3,BOTTLENECK_TARGET_FRONTIER_CONTINUITY_V2,107.889,24.061,79.1106,21.8317,30.5602,31894,2502,35795,0,8162,53462,0,45646,2531,0,11179,0,1941.71,289058,85495,490.091,13176,0,0,,,,,,,,,,,,,,,,,,,,,,,,,,,,,,,,,,,,,,,,,,,,,,4659.83,4659.85,7bad220734a2da76caeb292d2456b797095206cf4a5dc20d5142c8e80cc873db,4.681,ok,
brap_h4w10_a5_e1_B_seed0_pool,g4x10,carrier,1,24,49.0,49000000,7,24,13,0,0.1458,8,24,50,50000000,24,49,49000000,1,1,1,3,25,71,0,0,STRICT_IMPROVEMENT,0,1,1,1,11,50,49,24,24,17,1,17,6178,0,0,0,66,51,6,2849,1685,0,235,0.455174,940,5969,TASKBR_VACANCY_V1,15,15,15,41,80,51.25,0,32,25,54,54,74,74,64,64,64,0,0,0,0,0,0,0,64,84,1,BOTTLENECK_TARGET_FRONTIER_CONTINUITY_V2,0.1123,0.026237,0.060319,0.020649,0.02143,21,7,17,0,5,47,0,25,16,0,0,0,10.4383,166,81,0.518149,0,2,0,,,,,,,,,,,,,,,,,,,,,,,,,,,,,,,,,,,,,,,,,,,,,,12.4177,12.43,e9848782f9f8d7c393bf622034c7f6c87bbd8f93e34fd1d81e14aed019465081,0.019,ok,
brap_h4w10_a5_e1_B_seed1_pool,g4x10,carrier,1,25,49.0,49000000,6,27,11,0,0.12,8,25,50,50000000,25,49,49000000,1,1,1,3,27,75,0,0,STRICT_IMPROVEMENT,3,1,1,1,11,50,49,25,25,15,1,15,5482,0,0,0,44,31,0,1657,1006,0,258,0.491547,1032,4091,TASKBR_VACANCY_V1,11,11,11,31,42,73.8095,0,36,25,56,56,80,80,72,72,72,0,0,0,0,0,0,0,72,98,1,BOTTLENECK_TARGET_FRONTIER_CONTINUITY_V2,0.12619,0.030438,0.067116,0.025608,0.018067,25,7,21,0,9,45,0,25,14,0,0,0,9.80757,178,87,0.496356,4,6,0,,,,,,,,,,,,,,,,,,,,,,,,,,,,,,,,,,,,,,,,,,,,,,11.9343,11.9457,1b6567c763f0dd7c94ec877a6f4981060dccc28737c336828a4cd485dac88bab,0.018,ok,
brap_h4w10_a5_e1_R1_seed0,g4x10,carrier,1,511,965.0,965000000,139,475,262,101,0.136,2630,14934,25025,25025000000,511,965,965000000,1,0,0,18313,1339,655,0,0,SEARCH_CUTOFF,58,0,0,0,-1,-1,-1,-1,-1,315,7592,315,10799,0,0,0,3149,2835,1308,478113,264072,28,3917,8.23527,15668,250850,TASKBR_VACANCY_V1,10587,10587,10587,16754,74206,22.5777,0,104481,77316,116762,116762,178157,173785,139689,139689,139689,0,0,0,19,0,0,0,139689,196287,1,BOTTLENECK_TARGET_FRONTIER_CONTINUITY_V2,172.397,41.6793,98.0232,36.7923,31.8322,53650,1696,54303,0,27185,89575,0,77316,6958,0,22334,0,3546.95,317273,156605,896.716,19155,6679,187,,,,,,,,,,,,,,,,,,,,,,,,,,,,,,,,,,,,,,,,,,,,,,9236.06,9236.13,d3eadadc25cf2bf3b147b2a3d349b8c16e40bd7dfaa0ec1a4caac75444d05800,9.258,ok,
brap_h4w10_a5_e1_R1_seed1,g4x10,carrier,1,389,769.0,769000000,109,397,178,61,0.1401,1827,7403,14083,14083000000,389,769,769000000,1,0,0,13887,717,271,0,0,SEARCH_CUTOFF,82,0,0,0,-1,-1,-1,-1,-1,311,4667,311,10337,0,0,0,5952,5642,3029,1351056,685985,16,3221,7.17094,12884,641134,TASKBR_VACANCY_V1,14546,14546,14546,108510,262580,41.3245,0,69476,61588,75715,75715,135598,133134,98442,98442,98442,0,0,0,27,0,0,0,98442,130884,1,BOTTLENECK_TARGET_FRONTIER_CONTINUITY_V2,134.464,64.5732,86.3068,30.4414,27.8851,31007,467,31969,0,8361,67352,0,61588,4269,0,18504,0,4442.98,214822,107178,1610.33,14845,6871,24,,,,,,,,,,,,,,,,,,,,,,,,,,,,,,,,,,,,,,,,,,,,,,9164.72,9164.8,eaddb256e2ce2b19adfb39cab89002c353edaaf938d5ee3e1654e5326139dcc3,9.185,ok,
brap_h6w10_a6_e15_B_seed0_pool,g6x10,carrier,1,88,181.0,181000000,24,103,44,6,0.1364,69,171,345,345000000,88,181,181000000,1,0,0,8550,369,142,0,0,SEARCH_CUTOFF,18,1,0,0,-1,181,-1,88,-1,3399,19606,3399,82929,0,0,1,15437,3208,696,162963,21527,0,54970,172.905,219880,90902,TASKBR_VACANCY_V1,86431,16256,86431,83063,119522,69.496,3119,291259,68628,84143,84143,324621,317657,250811,250811,250811,0,0,0,15,0,0,0,250811,250811,5,BOTTLENECK_TARGET_FRONTIER_CONTINUITY_V2,300.441,49.073,249.439,58.6091,136.734,38191,3762,46870,0,10513,73628,0,68628,7014,0,15004,0,4571.81,382181,114888,823.93,12073,0,15,,,,,,,,,,,,,,,,,,,,,,,,,,,,,,,,,,,,,,,,,,,,,,9417.68,9417.72,66e9802aff1b545844224582918789351376c7b07d87c0d05848103dad34ddfc,9.465,ok,
brap_h6w10_a6_e15_B_seed1_pool,g6x10,carrier,1,35,70.0,70000000,10,36,18,0,0.1429,17,35,70,70000000,35,70,70000000,1,0,0,6879,5,14,0,0,SEARCH_CUTOFF,2,1,0,0,-1,70,-1,35,-1,2805,21106,2805,25861,0,0,1,13733,6207,113,13479,13134,0,15662,67.286,62648,18617,TASKBR_VACANCY_V1,63268,9701,63268,106688,123056,86.6987,2540,249793,71556,96351,96351,349031,343193,215542,215542,215542,0,0,0,0,0,0,0,215542,215648,4,BOTTLENECK_TARGET_FRONTIER_CONTINUITY_V2,245.253,44.75,177.515,44.5325,86.4485,49627,4432,54132,0,14254,82095,0,71556,1707,0,17861,0,4057.9,415990,126258,923.696,17305,12,0,,,,,,,,,,,,,,,,,,,,,,,,,,,,,,,,,,,,,,,,,,,,,,9074.55,9074.58,233c12e708347c31fe79f247e6869208a2b04d2f45da11d011d807d57624e5e4,9.101,ok,
brap_h6w10_a6_e15_R1_seed0,g6x10,carrier,1,158,315.0,315000000,34,195,66,12,0.1076,48,307,605,605000000,158,315,315000000,1,0,0,7274,69,110,0,0,SEARCH_CUTOFF,49,0,0,0,-1,-1,-1,-1,-1,2406,19532,2406,46645,0,0,0,14977,5562,243,52454,7684,0,41672,133.754,166688,29194,TASKBR_VACANCY_V1,86349,13133,86349,122604,152489,80.4019,2117,332293,74220,85393,85393,412185,405895,286174,286174,286174,0,0,0,0,0,0,0,286174,286185,5,BOTTLENECK_TARGET_FRONTIER_CONTINUITY_V2,324.267,56.3877,280.296,66.9273,171.67,41164,3320,47364,0,11034,74357,0,74220,3207,0,16340,0,4461.06,369954,112711,946.546,16998,3,0,,,,,,,,,,,,,,,,,,,,,,,,,,,,,,,,,,,,,,,,,,,,,,9408.98,9409.03,c25005f3aefb4372ebe8accc850917f27b8133b4ddb35dabd7c6de6c510dc696,9.46,ok,
brap_h6w10_a6_e15_R1_seed1,g6x10,carrier,1,251,537.0,537000000,65,309,122,34,0.1295,54,384,803,803000000,251,537,537000000,1,0,0,6854,71,211,0,0,SEARCH_CUTOFF,54,0,0,0,-1,-1,-1,-1,-1,2099,16065,2099,38829,0,0,0,17381,9586,441,71435,23496,0,32937,107.377,131748,55778,TASKBR_VACANCY_V1,66832,19287,66832,115328,172870,66.7137,1779,305633,67807,84562,84562,388401,382689,266703,266703,266703,0,0,0,22,0,0,0,266703,266703,5,BOTTLENECK_TARGET_FRONTIER_CONTINUITY_V2,311.572,55.54,244.944,60.7123,137.92,39918,2190,46262,0,10047,74513,0,67807,5405,0,15249,0,4515.63,394960,117517,1100.38,16762,0,50,,,,,,,,,,,,,,,,,,,,,,,,,,,,,,,,,,,,,,,,,,,,,,9428.25,9428.31,aa43737ecdc4f339cd2ebf60b1808c4b01ec844f0b8c1470c7c6edfa20d2c1a6,9.455,ok,
brap_h6w10_a6_e1_B_seed0_pool,g6x10,carrier,1,147,321.0,321000000,44,153,88,9,0.1497,6114,12077,22580,22580000000,147,321,321000000,1,1,1,0,15,45,0,0,STRICT_IMPROVEMENT,6,1,1,1,6648,794,321,396,147,274,3447,274,264395,0,0,0,7411,7139,4623,2468807,1300430,15,6609,17.1012,26436,1269351,TASKBR_VACANCY_V1,13867,13867,13867,76507,382794,19.9865,0,27156,24064,35960,35960,62851,60146,57041,57041,57041,0,0,0,5,0,0,0,57041,78327,1,BOTTLENECK_TARGET_FRONTIER_CONTINUITY_V2,94.8964,53.166,60.6869,19.5864,21.2245,16412,138,18946,0,4283,31675,0,24064,3770,0,0,0,5349.55,137552,68609,1239.63,6833,3924,29,,,,,,,,,,,,,,,,,,,,,,,,,,,,,,,,,,,,,,,,,,,,,,6654.43,6654.48,0b30bf05dae9f7f76f3e9428b22c9c87be05c0551c5d357d9c30985511d45402,6.669,ok,
brap_h6w10_a6_e1_B_seed1_pool,g6x10,carrier,1,120,249.0,249000000,38,107,78,19,0.1583,439,976,1811,1811000000,120,249,249000000,1,0,0,12013,7,20,0,0,SEARCH_CUTOFF,4,1,0,0,-1,249,-1,120,-1,114,3317,114,67788,0,0,0,2212,2099,1076,503971,262920,0,2117,6.0514,8468,278782,TASKBR_VACANCY_V1,13471,13471,13471,51543,312885,16.4735,0,51944,48228,53982,53982,97830,96733,66214,66214,66214,0,0,0,65,0,0,0,66214,86665,1,BOTTLENECK_TARGET_FRONTIER_CONTINUITY_V2,105.407,53.1026,56.8545,19.8586,18.5405,20275,473,21551,0,5160,48820,0,48228,1717,0,15071,0,4081.08,140149,69324,1586.82,11656,4321,40,,,,,,,,,,,,,,,,,,,,,,,,,,,,,,,,,,,,,,,,,,,,,,9132.36,9132.4,fab258053faccc7dc4b9bd47e45985411f8567b3c46746e961451c5a3bfdd7ed,9.157,ok,
brap_h6w10_a6_e1_R1_seed0,g6x10,carrier,1,628,1339.0,1339000000,180,646,366,137,0.1433,3937,5778,11073,11073000000,628,1339,1339000000,1,0,0,5305,69,112,0,0,SEARCH_CUTOFF,51,0,0,0,-1,-1,-1,-1,-1,327,3205,327,19217,0,0,0,11674,11348,8762,7974454,4304032,171,7537,19.7131,30148,3884423,TASKBR_VACANCY_V1,14914,14914,14914,92786,463888,20.0018,5,32735,29949,37216,37216,66685,63916,50960,50960,50960,0,0,0,2,0,0,0,50960,68136,1,BOTTLENECK_TARGET_FRONTIER_CONTINUITY_V2,83.6281,41.4644,47.3499,16.4117,15.5747,15064,213,17381,0,3618,33596,0,29949,3173,0,6377,0,6092.12,116523,58215,1182.31,7448,3110,0,,,,,,,,,,,,,,,,,,,,,,,,,,,,,,,,,,,,,,,,,,,,,,8714.24,8714.3,c95f6be47cfd40a675988814750278bfca5377d799d4485fee22e34c9e4381af,8.732,ok,
brap_h6w10_a6_e1_R1_seed1,g6x10,carrier,1,938,2026.0,2026000000,260,1026,530,227,0.1386,1203,2667,5312,5312000000,938,2026,2026000000,1,0,0,11107,48,142,0,0,SEARCH_CUTOFF,79,0,0,0,-1,-1,-1,-1,-1,499,2592,499,37452,0,0,0,12011,11513,7028,1945460,1011548,11,12859,31.8059,51436,984508,TASKBR_VACANCY_V1,8010,8010,8010,47071,218623,21.5307,52,47928,45761,50298,50298,90899,89191,62561,62561,62561,0,0,0,1,0,0,0,62561,82146,1,BOTTLENECK_TARGET_FRONTIER_CONTINUITY_V2,99.6538,48.4859,54.7727,19.3455,16.7236,19306,165,20846,0,4143,46153,0,45761,2295,0,14474,0,4542.93,133334,66641,1493.72,11175,3304,0,,,,,,,,,,,,,,,,,,,,,,,,,,,,,,,,,,,,,,,,,,,,,,8987.97,8988.04,cb1e59066bdb8ac9783d47a217ee6435e1f4442219f8776fd71938468ecf4ff7,9.018,ok,
brap_h80w80_a128_e1600_B_seed0_pool,g80x80,carrier,0,,,,,,,,,,,,,,,,,,,,,,,,,,,,,,,,,,,,,,,,,,,,,,,,,,,,,,,,,,,,,,,,,,,,,,,,,,,,,,,,,,,,,,,,,,,,,,,,,,,,,,,,,,,,,,,,,,,,,,,,,,,,,,,,,,,,,,,,,,,,,,,,,,,,,,,10.011,timeout,
brap_h80w80_a128_e1600_B_seed1_pool,g80x80,carrier,0,,,,,,,,,,,,,,,,,,,,,,,,,,,,,,,,,,,,,,,,,,,,,,,,,,,,,,,,,,,,,,,,,,,,,,,,,,,,,,,,,,,,,,,,,,,,,,,,,,,,,,,,,,,,,,,,,,,,,,,,,,,,,,,,,,,,,,,,,,,,,,,,,,,,,,,10.012,timeout,
brap_h80w80_a128_e1600_R1_seed0,g80x80,carrier,0,,,,,,,,,,,,,,,,,,,,,,,,,,,,,,,,,,,,,,,,,,,,,,,2925,944.973,748800,323,TASKBR_VACANCY_V1,0,0,0,0,0,0,0,,,,,,,,,,,,,,,,,,,,,,,,,,,,,,,,,,,,,,,,,,,,,,,,,,,,,,,,,,,,,,,,,,,,,,,,,,,,,,,,,,,,,,,,,,,,,9.546,timeout,ements=0 assignment_second_solution_ms=-1 assignment_first_soc=-1 assignment_second_soc=-1 assignment_first_makespan=-1 assignment_second_makespan=-1
brap_h80w80_a128_e1600_R1_seed1,g80x80,carrier,0,,,,,,,,,,,,,,,,,,,,,,,,,,,,,,,,,,,,,,,,,,,,,,,2618,788.621,670208,289,TASKBR_VACANCY_V1,0,0,0,0,0,0,0,,,,,,,,,,,,,,,,,,,,,,,,,,,,,,,,,,,,,,,,,,,,,,,,,,,,,,,,,,,,,,,,,,,,,,,,,,,,,,,,,,,,,,,,,,,,,9.233,timeout,ements=0 assignment_second_solution_ms=-1 assignment_first_soc=-1 assignment_second_soc=-1 assignment_first_makespan=-1 assignment_second_makespan=-1
brap_h80w80_a128_e160_B_seed0_pool,g80x80,carrier,0,,,,,,,,,,,,,,,,,,,,,,,,,,,,,,,,,,,,,,,,,,,,,,,,,,,,,,,,,,,,,,,,,,,,,,,,,,,,,,,,,,,,,,,,,,,,,,,,,,,,,,,,,,,,,,,,,,,,,,,,,,,,,,,,,,,,,,,,,,,,,,,,,,,,,,,10.013,timeout,
brap_h80w80_a128_e160_B_seed1_pool,g80x80,carrier,0,,,,,,,,,,,,,,,,,,,,,,,,,,,,,,,,,,,,,,,,,,,,,,,,,,,,,,,,,,,,,,,,,,,,,,,,,,,,,,,,,,,,,,,,,,,,,,,,,,,,,,,,,,,,,,,,,,,,,,,,,,,,,,,,,,,,,,,,,,,,,,,,,,,,,,,10.005,timeout,
brap_h80w80_a128_e160_R1_seed0,g80x80,carrier,0,,,,,,,,,,,,,,,,,,,,,,,,,,,,,,,,,,,,,,,,,,,,,,,16871,4595.55,4318976,14474,TASKBR_VACANCY_V1,192,11,192,1503,1642,91.5347,0,,,,,,,,,,,,,,,,,,,,,,,,,,,,,,,,,,,,,,,,,,,,,,,,,,,,,,,,,,,,,,,,,,,,,,,,,,,,,,,,,,,,,,,,,,,,,8.765,timeout,ements=0 assignment_second_solution_ms=-1 assignment_first_soc=-1 assignment_second_soc=-1 assignment_first_makespan=-1 assignment_second_makespan=-1
brap_h80w80_a128_e160_R1_seed1,g80x80,carrier,0,,,,,,,,,,,,,,,,,,,,,,,,,,,,,,,,,,,,,,,,,,,,,,,26338,7246.83,6742528,34368,TASKBR_VACANCY_V1,228,18,228,1553,1909,81.3515,0,,,,,,,,,,,,,,,,,,,,,,,,,,,,,,,,,,,,,,,,,,,,,,,,,,,,,,,,,,,,,,,,,,,,,,,,,,,,,,,,,,,,,,,,,,,,,9.221,timeout,ements=0 assignment_second_solution_ms=-1 assignment_first_soc=-1 assignment_second_soc=-1 assignment_first_makespan=-1 assignment_second_makespan=-1
brap_h80w80_a160_e1600_B_seed0_pool,g80x80,carrier,0,,,,,,,,,,,,,,,,,,,,,,,,,,,,,,,,,,,,,,,,,,,,,,,,,,,,,,,,,,,,,,,,,,,,,,,,,,,,,,,,,,,,,,,,,,,,,,,,,,,,,,,,,,,,,,,,,,,,,,,,,,,,,,,,,,,,,,,,,,,,,,,,,,,,,,,10.014,timeout,
brap_h80w80_a160_e1600_B_seed1_pool,g80x80,carrier,0,,,,,,,,,,,,,,,,,,,,,,,,,,,,,,,,,,,,,,,,,,,,,,,,,,,,,,,,,,,,,,,,,,,,,,,,,,,,,,,,,,,,,,,,,,,,,,,,,,,,,,,,,,,,,,,,,,,,,,,,,,,,,,,,,,,,,,,,,,,,,,,,,,,,,,,10.011,timeout,
brap_h80w80_a160_e160_B_seed0_pool,g80x80,carrier,0,,,,,,,,,,,,,,,,,,,,,,,,,,,,,,,,,,,,,,,,,,,,,,,,,,,,,,,,,,,,,,,,,,,,,,,,,,,,,,,,,,,,,,,,,,,,,,,,,,,,,,,,,,,,,,,,,,,,,,,,,,,,,,,,,,,,,,,,,,,,,,,,,,,,,,,10.01,timeout,
brap_h80w80_a160_e160_B_seed1_pool,g80x80,carrier,0,,,,,,,,,,,,,,,,,,,,,,,,,,,,,,,,,,,,,,,,,,,,,,,,,,,,,,,,,,,,,,,,,,,,,,,,,,,,,,,,,,,,,,,,,,,,,,,,,,,,,,,,,,,,,,,,,,,,,,,,,,,,,,,,,,,,,,,,,,,,,,,,,,,,,,,10.009,timeout,
brap_h80w80_a800_e1600_R1_seed0,g80x80,carrier,0,,,,,,,,,,,,,,,,,,,,,,,,,,,,,,,,,,,,,,,,,,,,,,,9024,2777.28,2310144,1266,TASKBR_VACANCY_V1,0,0,0,0,0,0,0,,,,,,,,,,,,,,,,,,,,,,,,,,,,,,,,,,,,,,,,,,,,,,,,,,,,,,,,,,,,,,,,,,,,,,,,,,,,,,,,,,,,,,,,,,,,,8.627,timeout,ements=0 assignment_second_solution_ms=-1 assignment_first_soc=-1 assignment_second_soc=-1 assignment_first_makespan=-1 assignment_second_makespan=-1
brap_h80w80_a800_e1600_R1_seed1,g80x80,carrier,0,,,,,,,,,,,,,,,,,,,,,,,,,,,,,,,,,,,,,,,,,,,,,,,7200,2291.71,1843200,914,TASKBR_VACANCY_V1,0,0,0,0,0,0,0,,,,,,,,,,,,,,,,,,,,,,,,,,,,,,,,,,,,,,,,,,,,,,,,,,,,,,,,,,,,,,,,,,,,,,,,,,,,,,,,,,,,,,,,,,,,,8.566,timeout,ements=0 assignment_second_solution_ms=-1 assignment_first_soc=-1 assignment_second_soc=-1 assignment_first_makespan=-1 assignment_second_makespan=-1
brap_h80w80_a800_e160_R1_seed0,g80x80,carrier,0,,,,,,,,,,,,,,,,,,,,,,,,,,,,,,,,,,,,,,,,,,,,,,,14920,4056.44,3819520,13391,TASKBR_VACANCY_V1,0,0,0,0,0,0,0,,,,,,,,,,,,,,,,,,,,,,,,,,,,,,,,,,,,,,,,,,,,,,,,,,,,,,,,,,,,,,,,,,,,,,,,,,,,,,,,,,,,,,,,,,,,,8.562,timeout,ements=0 assignment_second_solution_ms=-1 assignment_first_soc=-1 assignment_second_soc=-1 assignment_first_makespan=-1 assignment_second_makespan=-1
brap_h80w80_a800_e160_R1_seed1,g80x80,carrier,0,,,,,,,,,,,,,,,,,,,,,,,,,,,,,,,,,,,,,,,,,,,,,,,14862,3941.7,3804672,15162,TASKBR_VACANCY_V1,0,0,0,0,0,0,0,,,,,,,,,,,,,,,,,,,,,,,,,,,,,,,,,,,,,,,,,,,,,,,,,,,,,,,,,,,,,,,,,,,,,,,,,,,,,,,,,,,,,,,,,,,,,8.571,timeout,ements=0 assignment_second_solution_ms=-1 assignment_first_soc=-1 assignment_second_soc=-1 assignment_first_makespan=-1 assignment_second_makespan=-1
brap_h8w10_a10_e20_B_seed0_pool,g8x10,carrier,1,60,117.0,117000000,16,72,24,2,0.1333,82,87,173,173000000,60,117,117000000,1,0,0,5302,484,231,0,0,SEARCH_CUTOFF,7,1,0,0,-1,117,-1,60,-1,2131,17186,2131,59343,0,0,0,8873,610,179,45084,10359,0,25907,114.505,103628,27338,TASKBR_VACANCY_V1,73376,8453,73376,69227,83860,82.5507,1858,281209,52864,76108,76108,286426,279783,243680,243680,243680,0,0,0,0,0,0,0,243680,243684,5,BOTTLENECK_TARGET_FRONTIER_CONTINUITY_V2,335.855,52.3874,227.726,57.1268,99.7419,38421,2846,43517,0,11665,64441,0,52864,4783,0,12997,0,4461.31,348558,104442,807.641,9087,2,0,,,,,,,,,,,,,,,,,,,,,,,,,,,,,,,,,,,,,,,,,,,,,,9402.88,9402.93,8d497cf6834bcfb703e5285fbc1aea796ef68cb4d7249664b5ded3188931b494,9.431,ok,
brap_h8w10_a10_e20_B_seed1_pool,g8x10,carrier,1,177,358.0,358000000,46,219,72,12,0.1299,226,219,454,454000000,177,358,358000000,1,0,0,4703,36,107,0,0,SEARCH_CUTOFF,44,1,0,0,-1,358,-1,177,-1,4888,20493,4888,142224,0,0,30,24268,9367,124,132476,35035,0,59895,253.195,239580,80770,TASKBR_VACANCY_V1,75707,15167,75707,108064,139695,77.3571,4589,203517,48430,69556,69556,271093,259291,167269,167269,167269,0,0,0,0,0,0,0,167269,167273,6,BOTTLENECK_TARGET_FRONTIER_CONTINUITY_V2,234.566,37.6914,151.36,36.0109,85.1565,36442,4990,41034,0,8943,60611,0,48430,3300,0,11847,0,4834.09,293830,89623,793.615,12672,0,0,,,,,,,,,,,,,,,,,,,,,,,,,,,,,,,,,,,,,,,,,,,,,,9368.53,9368.59,65aa62cd09700f4bc069ddf0d384ddda1a439d6731994a332b2bc3fba5a8b4a5,9.395,ok,
brap_h8w10_a10_e20_R1_seed0,g8x10,carrier,1,354,726.0,726000000,73,468,140,36,0.1031,152,622,1266,1266000000,354,726,726000000,1,0,0,7557,29,87,0,0,SEARCH_CUTOFF,103,0,0,0,-1,-1,-1,-1,-1,1803,13761,1803,50869,0,0,0,15229,5400,725,165789,93398,0,41572,159.25,166288,146210,TASKBR_VACANCY_V1,90444,17305,90444,108229,151827,71.2844,1475,330987,53020,58798,58798,371644,363809,277685,277685,277685,0,0,0,2,0,0,0,277685,277690,8,BOTTLENECK_TARGET_FRONTIER_CONTINUITY_V2,377.654,69.479,354.949,91.092,264.402,24204,2446,30387,0,6380,52416,0,53020,2009,0,12123,0,4961.5,242887,74489,893.783,11195,2,10,,,,,,,,,,,,,,,,,,,,,,,,,,,,,,,,,,,,,,,,,,,,,,9202.93,9202.98,6e5060d02faba1cfe7aacce4ac30c0a6b9a95462b88b5757a9fc11aed8e5d43a,9.24,ok,
brap_h8w10_a10_e20_R1_seed1,g8x10,carrier,1,366,709.0,709000000,80,442,148,40,0.1093,393,1294,2537,2537000000,366,709,709000000,1,0,0,5828,15,45,0,0,SEARCH_CUTOFF,68,0,0,0,-1,-1,-1,-1,-1,2701,15256,2701,84266,0,0,0,20147,6812,4049,169831,19781,0,70189,252.509,280756,107525,TASKBR_VACANCY_V1,104763,22527,104763,113686,188263,60.3868,2367,294608,52806,61496,61496,342554,338166,254551,254551,254551,0,0,0,40,0,0,0,254551,254566,8,BOTTLENECK_TARGET_FRONTIER_CONTINUITY_V2,349.082,60.026,305.568,76.1118,219.876,29118,2962,35439,0,7448,54046,0,52806,6176,0,10603,0,5088.6,284849,85298,871.866,10443,9,2,,,,,,,,,,,,,,,,,,,,,,,,,,,,,,,,,,,,,,,,,,,,,,9233.87,9233.94,5e12c4e6b679cb75900b2c5a7f3c761db7179531551d67a3eaf09d0723340e61,9.259,ok,
brap_h8w10_a10_e2_B_seed0_pool,g8x10,carrier,1,245,566.0,566000000,94,212,180,46,0.1918,400,249,574,574000000,245,566,566000000,1,0,0,8358,30,89,0,0,SEARCH_CUTOFF,14,1,0,0,-1,566,-1,245,-1,276,3990,276,178868,0,0,0,9379,8843,5051,1113897,547500,2,11567,38.8645,46268,609768,TASKBR_VACANCY_V1,25425,21937,25425,80850,503917,16.0443,0,81168,39170,41592,41592,134315,132313,67588,67588,67588,0,0,0,216,0,0,0,67588,67609,2,BOTTLENECK_TARGET_FRONTIER_CONTINUITY_V2,111.472,35.8735,58.1651,16.2401,28.0094,16196,486,18388,0,5256,36334,0,39170,2665,0,10855,0,4676.93,181700,53995,1737.6,10996,1,124,,,,,,,,,,,,,,,,,,,,,,,,,,,,,,,,,,,,,,,,,,,,,,9060.65,9060.72,00ba492600070ab5a2bee9e785841904dd40273497812682465921f5ca061354,9.084,ok,
brap_h8w10_a10_e2_B_seed1_pool,g8x10,carrier,1,359,831.0,831000000,147,297,264,87,0.2047,1983,800,1875,1875000000,359,831,831000000,1,1,1,4,15,45,0,0,STRICT_IMPROVEMENT,28,1,1,1,2684,1411,831,609,359,481,175,481,662092,0,0,0,17263,16315,8912,3444185,1729989,13,24678,78.5372,98712,1866703,TASKBR_VACANCY_V1,3265,3021,3265,11266,73310,15.3676,36,2656,1514,1664,1664,5249,4963,2193,2193,2193,0,0,0,163,0,0,0,2193,2212,2,BOTTLENECK_TARGET_FRONTIER_CONTINUITY_V2,5.77484,1.56625,2.53443,0.624686,1.24368,483,114,576,0,14,1648,0,1514,761,0,0,0,2611.05,9590,2677,88.0727,156,1,0,,,,,,,,,,,,,,,,,,,,,,,,,,,,,,,,,,,,,,,,,,,,,,2705.67,2705.73,8ef0f2f0c82bebc2f32c9a235b22d6e1a45bd6a16e76a39e95ecf1b39fe6430a,2.715,ok,
brap_h8w10_a10_e2_R1_seed0,g8x10,carrier,1,889,2014.0,2014000000,379,739,620,253,0.2132,1612,1315,2976,2976000000,889,2014,2014000000,1,0,0,4330,9,27,0,0,SEARCH_CUTOFF,106,0,0,0,-1,-1,-1,-1,-1,764,3555,764,66787,0,0,0,30666,29152,20128,7492134,3716977,240,28934,95.486,115736,3502566,TASKBR_VACANCY_V1,25256,22070,25256,126595,685869,18.4576,252,53120,25452,27619,27619,87437,85211,44023,44023,44023,0,0,0,264,0,0,0,44023,44038,2,BOTTLENECK_TARGET_FRONTIER_CONTINUITY_V2,75.8935,25.2312,39.01,10.5569,17.8435,10575,535,12741,0,2617,25000,0,25452,3185,0,6035,0,6297.13,124064,36940,1351.41,6666,7,6,,,,,,,,,,,,,,,,,,,,,,,,,,,,,,,,,,,,,,,,,,,,,,8813.9,8813.97,925bd66e6f1789dc2065fb87c1b2a9a90df1babd0c43a86cca8c81f62caf14c3,8.836,ok,
brap_h8w10_a10_e2_R1_seed1,g8x10,carrier,1,795,1697.0,1697000000,306,647,532,209,0.1925,1169,1202,2617,2617000000,795,1697,1697000000,1,0,0,8419,48,144,0,0,SEARCH_CUTOFF,65,0,0,0,-1,-1,-1,-1,-1,728,3635,728,51458,0,0,0,23069,21658,12543,3152734,1566814,27,24982,82.508,99928,1579423,TASKBR_VACANCY_V1,18554,12973,18554,69703,227692,30.6128,216,87170,39985,44887,44887,145684,143525,73963,73963,73963,0,0,0,156,0,0,0,73963,74040,2,BOTTLENECK_TARGET_FRONTIER_CONTINUITY_V2,106.863,24.7543,55.3712,15.8212,27.9066,17911,435,20142,0,5556,39329,0,39985,3778,0,10820,0,4738.91,202081,60431,980.35,9951,8,0,,,,,,,,,,,,,,,,,,,,,,,,,,,,,,,,,,,,,,,,,,,,,,9040.2,9040.28,b0d35c41d8b1bb72af530c53fcf75b7ece31394e94521f4a5a7f2baecf257c57,9.067,ok,
warehouse_blocks_h20w20_b3_a1_d25_r8_t12_seed0,warehouse_blocks,carrier,1,28,158.0,158000000,37,97,24,0,0.1652,115,28,158,158000000,28,158,158000000,1,0,0,0,22900,78163,0,0,SEARCH_CUTOFF,0,0,0,0,-1,-1,-1,-1,-1,39,12950,39,573,0,44,0,211,0,0,26,168,44,138,65.3616,24150,0,TASKBR_VACANCY_V1,35372,9277,35372,26095,44649,58.4448,0,37163,5977,18622,18622,37163,37159,37159,37159,37159,0,0,0,0,0,0,0,37159,123876,12,BOTTLENECK_TARGET_FRONTIER_CONTINUITY_V2,44.4976,17.0081,63.2732,11.0207,59.772,9150,6,9145,0,7,140,18473,5977,13029,0,0,0,1832.75,1403702,111784,664.36,15,0,0,,,,,,,,,,,,,,,,,,,,,,,,,,,,,,,,,,,,,,,,,,,,,,8631.92,8631.99,8052d9149fcc966bc9f8287e9b604a26fc33526404f2361304fa87ac37968db5,8.648,ok,
warehouse_blocks_h20w20_b3_a1_d50_r8_t12_seed0,warehouse_blocks,carrier,1,26,157.0,157000000,33,100,24,0,0.1587,177,26,157,157000000,26,157,157000000,1,0,0,9252,31513,82207,0,0,SEARCH_CUTOFF,3,0,0,0,-1,-1,-1,-1,-1,39,5553,39,598,0,42,0,239,4,4,42,86,38,85,51.5592,14875,20,TASKBR_VACANCY_V1,5807,8,5807,5805,5817,99.7937,0,18853,55,18564,18564,18857,18857,18853,18853,18853,0,0,0,0,0,0,0,18853,124350,12,BOTTLENECK_TARGET_FRONTIER_CONTINUITY_V2,35.8764,11.2053,36.6675,8.08503,43.3772,5960,3,5961,0,32,298,18232,55,5630,0,0,0,1836.17,171638,24451,212.73,7,0,0,,,,,,,,,,,,,,,,,,,,,,,,,,,,,,,,,,,,,,,,,,,,,,8628.39,8628.46,0aef572707e26a052309425986d3e9ff6bc98293dfb46c79e1522c8a8718a121,8.65,ok,
warehouse_blocks_h20w20_b3_a1_d75_r8_t12_seed0,warehouse_blocks,carrier,1,23,145.0,145000000,37,84,24,0,0.2011,184,23,145,145000000,23,145,145000000,1,0,0,14726,34692,80974,0,0,SEARCH_CUTOFF,1,0,0,0,-1,-1,-1,-1,-1,44,14736,44,497,0,60,0,211,0,0,3502,984,60,87,54.0984,15225,1297,TASKBR_VACANCY_V1,29660,0,29660,29660,29660,100,0,33519,10604,16665,16665,33519,33519,33519,33519,33519,0,0,0,0,0,0,0,33519,96003,12,BOTTLENECK_TARGET_FRONTIER_CONTINUITY_V2,40.4076,15.825,57.7502,9.9276,36.8822,5234,9,5233,0,25,234,16404,10604,20866,0,0,0,2899.11,1405786,104648,717.788,5285,0,0,,,,,,,,,,,,,,,,,,,,,,,,,,,,,,,,,,,,,,,,,,,,,,8655.46,8655.54,71f3427fb964581f677420aba4eda38a76b88e0bf877e6d7a78fa4a63fd49286,8.674,ok,
warehouse_blocks_h20w20_b4_a1_d25_r8_t12_seed0,warehouse_blocks,carrier,1,23,130.0,130000000,31,75,24,0,0.1685,104,23,130,130000000,23,130,130000000,1,0,0,0,24899,83061,0,0,SEARCH_CUTOFF,10,0,0,0,-1,-1,-1,-1,-1,30,9,30,442,0,31,0,186,0,0,2072,300,31,105,47.1163,15120,242,TASKBR_VACANCY_V1,226,8,226,218,234,93.1624,0,20256,11735,19999,19999,20256,20248,20248,20248,20248,0,0,0,0,0,0,0,20248,152423,12,BOTTLENECK_TARGET_FRONTIER_CONTINUITY_V2,37.8781,12.0804,40.5027,8.96679,42.4582,13263,3,9835,0,4,30,19963,11735,79,0,0,0,1301.66,93038,20292,167.776,5829,0,0,,,,,,,,,,,,,,,,,,,,,,,,,,,,,,,,,,,,,,,,,,,,,,8638.2,8638.28,98ddcf1d4cb7953c1702f15ca69f34f402a6a50c836673adf0695c7524c47d4b,8.655,ok,
warehouse_blocks_h20w20_b4_a1_d50_r8_t12_seed0,warehouse_blocks,carrier,1,24,141.0,141000000,29,88,24,0,0.151,131,24,141,141000000,24,141,141000000,1,0,0,5442,27300,78911,0,0,SEARCH_CUTOFF,3,0,0,0,-1,-1,-1,-1,-1,51,16676,51,478,0,46,0,226,0,0,3734,694,46,123,65.372,17712,870,TASKBR_VACANCY_V1,16893,3,16893,16890,16896,99.9645,0,18503,24226,18252,18252,18503,18500,18500,18500,18500,0,0,0,0,0,0,0,18500,104525,12,BOTTLENECK_TARGET_FRONTIER_CONTINUITY_V2,36.6852,11.4173,37.548,7.46538,38.7001,6014,15,2413,0,3,7,18240,24226,24748,0,0,0,2118.2,607210,66567,387.313,12095,0,0,,,,,,,,,,,,,,,,,,,,,,,,,,,,,,,,,,,,,,,,,,,,,,8653.7,8653.77,fa0223e9051be09cf4bfcdceb619701c97fd4db69dfe839cb08782c45837a88e,8.671,ok,
warehouse_blocks_h20w20_b4_a1_d75_r8_t12_seed0,warehouse_blocks,carrier,1,27,189.0,189000000,45,111,26,0,0.2083,260,27,189,189000000,27,189,189000000,1,0,0,34638,53213,94779,0,0,SEARCH_CUTOFF,3,0,0,0,-1,-1,-1,-1,-1,78,14492,78,983,0,103,0,417,6,4,1415,498,97,203,104.25,29232,644,TASKBR_VACANCY_V1,47097,3075,47097,44028,50174,87.7506,0,36474,14541,15395,15395,36488,36485,36471,36471,36471,0,0,0,0,0,0,0,36471,78148,12,BOTTLENECK_TARGET_FRONTIER_CONTINUITY_V2,42.3885,15.7583,62.5636,10.8683,29.8687,5020,21,5019,0,3,68,15322,14541,26727,0,0,0,3507.55,2003152,121870,868.938,1844,0,0,,,,,,,,,,,,,,,,,,,,,,,,,,,,,,,,,,,,,,,,,,,,,,8649.17,8649.25,0da859ba247efc7b236408b41909608048044d265b4b92896f93aaaf06d13797,8.67,ok,
warehouse_blocks_h20w20_b9_a1_d25_r8_t12_seed0,warehouse_blocks,carrier,1,23,160.0,160000000,35,101,24,0,0.1902,65,23,160,160000000,23,160,160000000,1,0,0,14855,31395,70841,0,0,SEARCH_CUTOFF,3,0,0,0,-1,-1,-1,-1,-1,1029,11563,1029,15536,0,1676,0,5674,226,226,39029,2471,1272,4925,818.195,374300,1585,TASKBR_VACANCY_V1,60497,15120,60497,47129,75646,62.302,755,40650,7208,12676,12676,42409,40088,40050,40050,40050,0,0,0,0,0,0,0,40050,56123,11,BOTTLENECK_TARGET_FRONTIER_CONTINUITY_V2,40.8029,14.8981,57.8898,10.244,34.5158,5849,7,5844,0,0,6,12668,7208,36058,0,0,0,5402.53,2825548,101368,963.916,14,0,0,,,,,,,,,,,,,,,,,,,,,,,,,,,,,,,,,,,,,,,,,,,,,,8611.08,8611.15,46d6f924e724ed3da519a27d7594da665d94cb103ccbd41adcf090e3d6563ac6,8.628,ok,
warehouse_blocks_h20w20_b9_a1_d50_r8_t12_seed0,warehouse_blocks,carrier,1,24,163.0,163000000,28,105,28,0,0.1458,47,24,163,163000000,24,163,163000000,1,0,0,12460,53,410,0,0,SEARCH_CUTOFF,2,0,0,0,-1,-1,-1,-1,-1,44,15708,44,496,0,54,0,232,23,5,2286,716,44,173,35.4918,13148,350,TASKBR_VACANCY_V1,47329,2944,47329,47348,50294,94.1424,0,43870,12636,16564,16564,46269,46266,46235,46235,46235,0,0,0,0,0,0,0,46235,101888,12,BOTTLENECK_TARGET_FRONTIER_CONTINUITY_V2,47.0821,17.8749,75.2987,13.298,64.5178,8808,10,8833,0,22,253,16287,12636,25870,0,0,0,2850.11,2150054,131164,893.025,5956,0,0,,,,,,,,,,,,,,,,,,,,,,,,,,,,,,,,,,,,,,,,,,,,,,8638.76,8638.84,c31a7981a95b0a1d704b1057505c4c4a3f3b072d011012cd09e84355168cd3e4,8.659,ok,
warehouse_blocks_h20w20_b9_a1_d75_r8_t12_seed0,warehouse_blocks,carrier,1,23,157.0,157000000,25,108,24,0,0.1359,55,23,157,157000000,23,157,157000000,1,0,0,17340,236,949,0,0,SEARCH_CUTOFF,7,0,0,0,-1,-1,-1,-1,-1,95,14997,95,962,0,123,0,426,14,14,5412,3387,87,345,72.3348,26220,1653,TASKBR_VACANCY_V1,54838,16692,54838,39891,72893,54.7254,0,36417,7499,15677,15677,37086,37084,37084,37084,37084,0,0,0,0,0,0,0,37084,84410,12,BOTTLENECK_TARGET_FRONTIER_CONTINUITY_V2,44.3644,15.2131,65.3755,10.9547,50.5528,5960,15,7721,0,1,26,15648,7499,30017,0,0,0,3287.52,2132884,125366,868.566,16,0,0,,,,,,,,,,,,,,,,,,,,,,,,,,,,,,,,,,,,,,,,,,,,,,8638.15,8638.23,48c8907daf3f0fce5e86e5a9e82bbd9e6c3a2d7552e0ff4e5b3233089e78dd3a,8.659,ok,
