instance,family,method,success,executed_makespan,weighted_soc,loaded_moves,free_moves,lift_drop,shelf_switches,robot_utilization,first_solution_ms,reversals,assignment_restarts,assignment_second_solved,assignment_improvements,assignment_second_solution_ms,assignment_first_soc,assignment_second_soc,assignment_first_makespan,assignment_second_makespan,tau_price_repairs,rewire_guidance_rebuilds,tau_time_ms,guidance_time_ms,obj_default_resolutions,obj_reselect_requests,obj_inherit_depth_max,obj_backtracks,obj_yields,tasks_merged,deliverable_ms,solver_runtime_ms,plan_sha256,runtime_sec,status,raw
brap_h10w10_a12_e3_B_seed0_pool,g10x10,carrier,1,749,1111.0,101,714,226,75,0.0674,5084,92,1,1,0,7249.53,1111,1200,749,764,2752,0,1564.96,879.762,0,0,0,0,0,86,7502.62,7502.66,c344a47d790a779ffb988d35193352b70bcf437990a5f5ec234816fd0b76d5f8,7.523,ok,
brap_h10w10_a12_e3_B_seed1_pool,g10x10,carrier,1,1376,2203.0,246,1400,398,139,0.0894,4958,306,1,0,0,-1,2203,-1,1376,-1,5250,0,1316.12,2921.82,0,0,0,0,0,151513,8342.26,8342.29,d3432cf31a14eeae7fed839f326cc4e279e2a55c22f443b1fe77555ab5e8196e,8.369,ok,
brap_h10w10_a12_e3_R1_seed0,g10x10,carrier,1,1704,2670.0,351,1630,474,177,0.103,4917,328,0,0,0,-1,-1,-1,-1,-1,0,0,28.5026,1757.92,0,0,0,0,0,35109,6027.1,6027.13,b6eb508265d5e24e7d81134ccfa87eadab874a98b6054592a5fa8d93024db24b,6.057,ok,
brap_h10w10_a12_e3_R1_seed1,g10x10,carrier,1,2394,3940.0,509,2410,698,276,0.1063,5941,495,0,0,0,-1,-1,-1,-1,-1,0,0,33.839,2137.7,0,0,0,0,0,249019,7254.65,7254.68,1dbb3da90475f08c828560e895452dd6429cc24017e985f2c43410f1348457d3,7.291,ok,
brap_h10w10_a12_e8_B_seed0_pool,g10x10,carrier,1,1569,2480.0,395,1456,434,159,0.1259,1718,375,1,1,0,7147.57,2480,4406,1569,2794,2852,0,531.284,2324.04,0,0,0,0,0,120667,8387.82,8387.86,1a85bad158faecfbe9bc445d44e7a5c9defe651bbd46b3a8ce2afa0f11604ee7,8.421,ok,
brap_h10w10_a12_e8_B_seed1_pool,g10x10,carrier,1,1604,2612.0,379,1521,526,218,0.1181,3790,371,1,0,0,-1,2612,-1,1604,-1,7479,0,1154.14,2353.97,0,0,0,0,0,79208,8708.18,8708.23,e896e23224886b865fbfbdfae746a8fbbbcec0ba26aa3ecb365affdacfa3665b,8.741,ok,
brap_h10w10_a12_e8_R1_seed0,g10x10,carrier,0,,,,,,,,,,,,,,,,,,,,,,,,,,,,,,,9.007,timeout,ements=0 assignment_second_solution_ms=-1 assignment_first_soc=-1 assignment_second_soc=-1 assignment_first_makespan=-1 assignment_second_makespan=-1
brap_h10w10_a12_e8_R1_seed1,g10x10,carrier,1,3935,6608.0,1051,3872,988,414,0.1335,5517,1010,0,0,0,-1,-1,-1,-1,-1,0,0,30.9092,2493.72,0,0,0,0,0,17006,6721.68,6721.71,ebc1d898c852050d54e3104b102a5439216b5437d62c099ca5cfcdccfbb8f3a9,6.764,ok,
brap_h10w10_a1_e1_B_seed0_pool,g10x10,carrier,1,104,174.0,21,95,40,7,0.101,169,9,1,1,0,279.161,174,174,104,101,206,0,18.2332,43.4726,0,0,0,0,129,0,290.235,290.264,cdf78c17cd6b35b4ef720c6a499b2ed2f1601dcbdf8a9d252f0adac17dc75477,0.296,ok,
brap_h10w10_a1_e1_B_seed1_pool,g10x10,carrier,1,1,0.0,0,0,0,0,0.0,0,0,1,1,0,0.156883,0,0,1,1,0,0,0.066733,0.009614,0,0,0,0,0,0,0.208157,0.2298,ab2b75af64844cc3c8ef0a4ba1f757459a26bbb09118ac0c0e3af6b393e0fc2a,0.004,ok,
brap_h10w10_a1_e1_R1_seed0,g10x10,carrier,1,125,195.0,27,117,38,10,0.108,873,14,0,0,0,-1,-1,-1,-1,-1,0,0,4.32356,93.629,0,0,0,0,236,0,1001.98,1002.01,43c91a204737ce56a445cc635e989f9298791b55501c1590a2baee845ff10b27,1.011,ok,
brap_h10w10_a1_e1_R1_seed1,g10x10,carrier,1,347,619.0,112,294,150,35,0.1614,660,53,0,0,0,-1,-1,-1,-1,-1,0,0,3.32922,179.477,0,0,0,0,243,0,761.134,761.159,61290720aa5fdb3ffa0c01ada61095c081909d3bbb70775e85d0dd895b8af402,0.77,ok,
brap_h20w20_a40_e100_B_seed0_pool,g20x20,carrier,0,,,,,,,,,,,,,,,,,,,,,,,,,,,,,,,8.069,timeout,ements=0 assignment_second_solution_ms=-1 assignment_first_soc=-1 assignment_second_soc=-1 assignment_first_makespan=-1 assignment_second_makespan=-1
brap_h20w20_a40_e100_B_seed1_pool,g20x20,carrier,0,,,,,,,,,,,,,,,,,,,,,,,,,,,,,,,8.166,timeout,ements=0 assignment_second_solution_ms=-1 assignment_first_soc=-1 assignment_second_soc=-1 assignment_first_makespan=-1 assignment_second_makespan=-1
brap_h20w20_a40_e100_R1_seed0,g20x20,carrier,0,,,,,,,,,,,,,,,,,,,,,,,,,,,,,,,8.431,timeout,ements=0 assignment_second_solution_ms=-1 assignment_first_soc=-1 assignment_second_soc=-1 assignment_first_makespan=-1 assignment_second_makespan=-1
brap_h20w20_a40_e100_R1_seed1,g20x20,carrier,0,,,,,,,,,,,,,,,,,,,,,,,,,,,,,,,8.512,timeout,ements=0 assignment_second_solution_ms=-1 assignment_first_soc=-1 assignment_second_soc=-1 assignment_first_makespan=-1 assignment_second_makespan=-1
brap_h20w20_a40_e10_B_seed0_pool,g20x20,carrier,0,,,,,,,,,,,,,,,,,,,,,,,,,,,,,,,8.096,timeout,ements=0 assignment_second_solution_ms=-1 assignment_first_soc=-1 assignment_second_soc=-1 assignment_first_makespan=-1 assignment_second_makespan=-1
brap_h20w20_a40_e10_B_seed1_pool,g20x20,carrier,0,,,,,,,,,,,,,,,,,,,,,,,,,,,,,,,8.082,timeout,ements=0 assignment_second_solution_ms=-1 assignment_first_soc=-1 assignment_second_soc=-1 assignment_first_makespan=-1 assignment_second_makespan=-1
brap_h20w20_a40_e10_R1_seed0,g20x20,carrier,0,,,,,,,,,,,,,,,,,,,,,,,,,,,,,,,8.249,timeout,ements=0 assignment_second_solution_ms=-1 assignment_first_soc=-1 assignment_second_soc=-1 assignment_first_makespan=-1 assignment_second_makespan=-1
brap_h20w20_a40_e10_R1_seed1,g20x20,carrier,0,,,,,,,,,,,,,,,,,,,,,,,,,,,,,,,8.249,timeout,ements=0 assignment_second_solution_ms=-1 assignment_first_soc=-1 assignment_second_soc=-1 assignment_first_makespan=-1 assignment_second_makespan=-1
brap_h40w40_a160_e400_R1_seed0,g40x40,carrier,0,,,,,,,,,,,,,,,,,,,,,,,,,,,,,,,8.096,timeout,ements=0 assignment_second_solution_ms=-1 assignment_first_soc=-1 assignment_second_soc=-1 assignment_first_makespan=-1 assignment_second_makespan=-1
brap_h40w40_a160_e400_R1_seed1,g40x40,carrier,0,,,,,,,,,,,,,,,,,,,,,,,,,,,,,,,8.084,timeout,ements=0 assignment_second_solution_ms=-1 assignment_first_soc=-1 assignment_second_soc=-1 assignment_first_makespan=-1 assignment_second_makespan=-1
brap_h40w40_a160_e40_R1_seed0,g40x40,carrier,0,,,,,,,,,,,,,,,,,,,,,,,,,,,,,,,8.141,timeout,ements=0 assignment_second_solution_ms=-1 assignment_first_soc=-1 assignment_second_soc=-1 assignment_first_makespan=-1 assignment_second_makespan=-1
brap_h40w40_a160_e40_R1_seed1,g40x40,carrier,0,,,,,,,,,,,,,,,,,,,,,,,,,,,,,,,8.129,timeout,ements=0 assignment_second_solution_ms=-1 assignment_first_soc=-1 assignment_second_soc=-1 assignment_first_makespan=-1 assignment_second_makespan=-1
brap_h40w40_a80_e400_B_seed0_pool,g40x40,carrier,0,,,,,,,,,,,,,,,,,,,,,,,,,,,,,,,8.042,timeout,ements=0 assignment_second_solution_ms=-1 assignment_first_soc=-1 assignment_second_soc=-1 assignment_first_makespan=-1 assignment_second_makespan=-1
brap_h40w40_a80_e400_B_seed1_pool,g40x40,carrier,0,,,,,,,,,,,,,,,,,,,,,,,,,,,,,,,8.035,timeout,ements=0 assignment_second_solution_ms=-1 assignment_first_soc=-1 assignment_second_soc=-1 assignment_first_makespan=-1 assignment_second_makespan=-1
brap_h40w40_a80_e40_B_seed0_pool,g40x40,carrier,0,,,,,,,,,,,,,,,,,,,,,,,,,,,,,,,8.066,timeout,ements=0 assignment_second_solution_ms=-1 assignment_first_soc=-1 assignment_second_soc=-1 assignment_first_makespan=-1 assignment_second_makespan=-1
brap_h40w40_a80_e40_B_seed1_pool,g40x40,carrier,0,,,,,,,,,,,,,,,,,,,,,,,,,,,,,,,8.057,timeout,ements=0 assignment_second_solution_ms=-1 assignment_first_soc=-1 assignment_second_soc=-1 assignment_first_makespan=-1 assignment_second_makespan=-1
brap_h4w10_a5_e10_B_seed0_pool,g4x10,carrier,1,49,89.0,13,47,22,3,0.1327,7,6,1,1,0,25.9603,89,95,49,58,8,0,2.29112,5.40145,0,0,0,0,0,0,29.4763,29.4974,de4fd19a50bd356f2fb15100897df5d4f72a1e1f94c9c1b439eaa93c8e82e18e,0.033,ok,
brap_h4w10_a5_e10_B_seed1_pool,g4x10,carrier,1,48,72.0,17,27,22,5,0.1771,5,9,1,1,0,38.6105,72,269,48,179,50,0,1.71765,11.0084,0,0,0,0,0,313,44.7424,44.7604,1b6a07eaf91de7ca909dee4ca8cd17ab34e527c7cb1e8fdd7686c1cb487b2419,0.051,ok,
brap_h4w10_a5_e10_R1_seed0,g4x10,carrier,1,1060,2059.0,679,645,350,153,0.3203,197,413,0,0,0,-1,-1,-1,-1,-1,0,0,1.92556,73.118,0,0,0,0,0,374,231.145,231.16,b1fb424d10cea8b0e15dc635eac8736bb507d20a468d3179a5d6e4dcf6810b33,0.254,ok,
brap_h4w10_a5_e10_R1_seed1,g4x10,carrier,1,247,462.0,108,211,94,32,0.2186,55,89,0,0,0,-1,-1,-1,-1,-1,0,0,0.573007,17.2641,0,0,0,0,0,0,62.9522,62.9664,250955011b16372fb87e6e586abea542c4350cc94b4f532e4ac0b36bd5dfa39e,0.071,ok,
brap_h4w10_a5_e1_B_seed0_pool,g4x10,carrier,1,46,72.0,10,40,18,4,0.1087,10,2,1,1,0,1743.17,72,90,46,45,12,0,17.9272,332.264,0,1547,1,1506,2248,6307,2267.35,2267.37,1417f25a43c64f6ff309efc676e6af15791cc2cc2e03de3f4fa99af52cd08201,2.286,ok,
brap_h4w10_a5_e1_B_seed1_pool,g4x10,carrier,1,36,68.0,10,33,18,3,0.1389,13,2,1,1,1,791.836,78,68,45,42,23,0,10.364,143.015,0,0,0,0,440,0,1005.04,1005.06,9b6dc170f0b3cf9c936aef7bdb0619bf29a3b50e61f2b88c9a2886732502096f,1.015,ok,
brap_h4w10_a5_e1_R1_seed0,g4x10,carrier,1,555,935.0,159,435,250,96,0.1432,578,90,0,0,0,-1,-1,-1,-1,-1,0,0,5.65225,155.976,12,5558,1,3314,3841,9735,751.549,751.564,24954f5eb2bd28e502f6e841ad34f6bceb6293c6c667ffcaff1ee7777ed80863,0.761,ok,
brap_h4w10_a5_e1_R1_seed1,g4x10,carrier,1,548,908.0,158,434,234,87,0.1442,410,104,0,0,0,-1,-1,-1,-1,-1,0,0,3.84737,142.386,0,10701,1,10664,15067,12181,504.222,504.238,0a008ca037956b7a6c8bc3b640d9ea0877bc7293fcc5027508ba9014001c25fa,0.512,ok,
brap_h6w10_a6_e15_B_seed0_pool,g6x10,carrier,1,163,279.0,68,127,66,18,0.2086,56,43,1,1,0,95.428,279,440,163,284,293,0,16.0642,34.4467,0,0,0,0,0,875,102.161,102.181,69d194d4d552de26563dd79b75bf148187c5d6997d5417e04837b36b286226a0,0.107,ok,
brap_h6w10_a6_e15_B_seed1_pool,g6x10,carrier,1,59,128.0,47,35,25,4,0.3983,3,25,1,1,0,42.9993,128,209,59,121,32,0,1.42944,9.38286,0,0,0,0,0,5,51.2551,51.2745,c8cf2e78cfc74aa5cb6c7f51c894b4fa059b11ef42512eaaeb648ccc3e10c0cb,0.056,ok,
brap_h6w10_a6_e15_R1_seed0,g6x10,carrier,1,791,1562.0,440,624,226,92,0.2781,117,327,0,0,0,-1,-1,-1,-1,-1,0,0,1.06749,39.1957,0,0,0,0,0,244,144.873,144.892,d192fb4b0f441a5e6f2ba6b94cef42f9a8330c9869eae88cee1d4c6a3b633eb5,0.152,ok,
brap_h6w10_a6_e15_R1_seed1,g6x10,carrier,1,350,631.0,147,299,118,38,0.21,68,106,0,0,0,-1,-1,-1,-1,-1,0,0,0.639471,24.3138,0,0,0,0,0,686,78.9957,79.0145,3f91ce688c4a5e72b15260db62ecf4727507c35ca97e9709fd847c0a9d85ce1b,0.088,ok,
brap_h6w10_a6_e1_B_seed0_pool,g6x10,carrier,1,404,637.0,94,327,151,43,0.1163,915,56,1,1,0,1487.44,637,784,404,427,8271,0,216.503,493.464,0,33608,2,32948,58504,20208,1595.73,1595.76,b514ddfbdc66216ece26837e0316be8a92706bb7f6b2c0fd832a945fcf33b9a6,1.605,ok,
brap_h6w10_a6_e1_B_seed1_pool,g6x10,carrier,1,240,432.0,82,217,94,31,0.1708,301,59,1,1,0,5438.88,432,839,240,510,2844,0,105.501,992.736,0,15968,2,15780,22711,23324,7059.75,7059.78,a1f40d4a2e5b1754aef32c97bbee482e9a65bf76a1edce896ff9b6559169f143,7.091,ok,
brap_h6w10_a6_e1_R1_seed0,g6x10,carrier,1,1168,2058.0,417,905,500,204,0.1785,1774,257,0,0,0,-1,-1,-1,-1,-1,0,0,12.3524,807.342,453,53836,2,52970,59465,96708,2159.05,2159.07,3059faa39185f551e6ca06a27f9fbc2adad4f5bf3748af9ef8a5d1559788aa73,2.176,ok,
brap_h6w10_a6_e1_R1_seed1,g6x10,carrier,1,1700,2958.0,594,1312,740,324,0.1747,4209,363,0,0,0,-1,-1,-1,-1,-1,0,0,26.7848,1635.02,17230,186454,2,172797,143884,47137,5359.05,5359.07,6423de1586b61269ea273dc63a393696b580aeb9c4c6e8501cf3ed781867a7df,5.388,ok,
brap_h80w80_a128_e1600_B_seed0_pool,g80x80,carrier,0,,,,,,,,,,,,,,,,,,,,,,,,,,,,,,,8.063,timeout,ements=0 assignment_second_solution_ms=-1 assignment_first_soc=-1 assignment_second_soc=-1 assignment_first_makespan=-1 assignment_second_makespan=-1
brap_h80w80_a128_e1600_B_seed1_pool,g80x80,carrier,0,,,,,,,,,,,,,,,,,,,,,,,,,,,,,,,8.074,timeout,ements=0 assignment_second_solution_ms=-1 assignment_first_soc=-1 assignment_second_soc=-1 assignment_first_makespan=-1 assignment_second_makespan=-1
brap_h80w80_a128_e1600_R1_seed0,g80x80,carrier,0,,,,,,,,,,,,,,,,,,,,,,,,,,,,,,,8.081,timeout,ements=0 assignment_second_solution_ms=-1 assignment_first_soc=-1 assignment_second_soc=-1 assignment_first_makespan=-1 assignment_second_makespan=-1
brap_h80w80_a128_e1600_R1_seed1,g80x80,carrier,0,,,,,,,,,,,,,,,,,,,,,,,,,,,,,,,8.097,timeout,ements=0 assignment_second_solution_ms=-1 assignment_first_soc=-1 assignment_second_soc=-1 assignment_first_makespan=-1 assignment_second_makespan=-1
brap_h80w80_a128_e160_B_seed0_pool,g80x80,carrier,0,,,,,,,,,,,,,,,,,,,,,,,,,,,,,,,8.058,timeout,ements=0 assignment_second_solution_ms=-1 assignment_first_soc=-1 assignment_second_soc=-1 assignment_first_makespan=-1 assignment_second_makespan=-1
brap_h80w80_a128_e160_B_seed1_pool,g80x80,carrier,0,,,,,,,,,,,,,,,,,,,,,,,,,,,,,,,8.06,timeout,ements=0 assignment_second_solution_ms=-1 assignment_first_soc=-1 assignment_second_soc=-1 assignment_first_makespan=-1 assignment_second_makespan=-1
brap_h80w80_a128_e160_R1_seed0,g80x80,carrier,0,,,,,,,,,,,,,,,,,,,,,,,,,,,,,,,8.117,timeout,ements=0 assignment_second_solution_ms=-1 assignment_first_soc=-1 assignment_second_soc=-1 assignment_first_makespan=-1 assignment_second_makespan=-1
brap_h80w80_a128_e160_R1_seed1,g80x80,carrier,0,,,,,,,,,,,,,,,,,,,,,,,,,,,,,,,8.06,timeout,ements=0 assignment_second_solution_ms=-1 assignment_first_soc=-1 assignment_second_soc=-1 assignment_first_makespan=-1 assignment_second_makespan=-1
brap_h80w80_a160_e1600_B_seed0_pool,g80x80,carrier,0,,,,,,,,,,,,,,,,,,,,,,,,,,,,,,,8.066,timeout,ements=0 assignment_second_solution_ms=-1 assignment_first_soc=-1 assignment_second_soc=-1 assignment_first_makespan=-1 assignment_second_makespan=-1
brap_h80w80_a160_e1600_B_seed1_pool,g80x80,carrier,0,,,,,,,,,,,,,,,,,,,,,,,,,,,,,,,8.047,timeout,ements=0 assignment_second_solution_ms=-1 assignment_first_soc=-1 assignment_second_soc=-1 assignment_first_makespan=-1 assignment_second_makespan=-1
brap_h80w80_a160_e160_B_seed0_pool,g80x80,carrier,0,,,,,,,,,,,,,,,,,,,,,,,,,,,,,,,8.075,timeout,ements=0 assignment_second_solution_ms=-1 assignment_first_soc=-1 assignment_second_soc=-1 assignment_first_makespan=-1 assignment_second_makespan=-1
brap_h80w80_a160_e160_B_seed1_pool,g80x80,carrier,0,,,,,,,,,,,,,,,,,,,,,,,,,,,,,,,8.076,timeout,ements=0 assignment_second_solution_ms=-1 assignment_first_soc=-1 assignment_second_soc=-1 assignment_first_makespan=-1 assignment_second_makespan=-1
brap_h80w80_a800_e1600_R1_seed0,g80x80,carrier,0,,,,,,,,,,,,,,,,,,,,,,,,,,,,,,,8.339,timeout,ements=0 assignment_second_solution_ms=-1 assignment_first_soc=-1 assignment_second_soc=-1 assignment_first_makespan=-1 assignment_second_makespan=-1
brap_h80w80_a800_e1600_R1_seed1,g80x80,carrier,0,,,,,,,,,,,,,,,,,,,,,,,,,,,,,,,8.329,timeout,ements=0 assignment_second_solution_ms=-1 assignment_first_soc=-1 assignment_second_soc=-1 assignment_first_makespan=-1 assignment_second_makespan=-1
brap_h80w80_a800_e160_R1_seed0,g80x80,carrier,0,,,,,,,,,,,,,,,,,,,,,,,,,,,,,,,8.376,timeout,ements=0 assignment_second_solution_ms=-1 assignment_first_soc=-1 assignment_second_soc=-1 assignment_first_makespan=-1 assignment_second_makespan=-1
brap_h80w80_a800_e160_R1_seed1,g80x80,carrier,0,,,,,,,,,,,,,,,,,,,,,,,,,,,,,,,8.392,timeout,ements=0 assignment_second_solution_ms=-1 assignment_first_soc=-1 assignment_second_soc=-1 assignment_first_makespan=-1 assignment_second_makespan=-1
brap_h8w10_a10_e20_B_seed0_pool,g8x10,carrier,1,74,156.0,62,61,20,0,0.4189,12,32,1,1,1,15.298,319,156,191,74,52,0,4.22542,4.26154,0,0,0,0,0,0,16.2523,16.2726,3526f8cea6e622f202a62d16dda47c852971139d581801bb1010565a90b33b6e,0.02,ok,
brap_h8w10_a10_e20_B_seed1_pool,g8x10,carrier,1,269,482.0,138,181,104,28,0.2565,64,74,1,1,0,148.392,482,1312,269,608,223,0,18.1491,57.4997,0,0,0,0,0,130,161.132,161.153,baf651ef8cad2ad0fc9d1d25bdc8028ead263744088c3f225fae652f6ff63325,0.17,ok,
brap_h8w10_a10_e20_R1_seed0,g8x10,carrier,1,1398,2456.0,599,1202,352,144,0.2142,464,436,0,0,0,-1,-1,-1,-1,-1,0,0,3.951,172.759,0,0,0,0,0,273,564.748,564.766,570db86eed9e2be2ffe72249c57f12cf6b9a1bdb7005c73cadae1d26cb3e964a,0.576,ok,
brap_h8w10_a10_e20_R1_seed1,g8x10,carrier,1,1312,2544.0,754,1031,334,137,0.2873,227,478,0,0,0,-1,-1,-1,-1,-1,0,0,2.04803,76.8375,0,0,0,0,0,3140,282.207,282.23,0a806445e3d6d8738e6d06227de99498784fd7556f4ea023fe9b3149dccf042a,0.292,ok,
brap_h8w10_a10_e2_B_seed0_pool,g8x10,carrier,1,787,1240.0,181,659,302,111,0.115,2545,135,1,1,0,5527.38,1240,2536,787,1507,2951,0,745.282,1545.02,0,0,0,0,0,233777,6224.09,6224.13,8ba916987777a7d1dcdc5a1abc0480be29ea2097406667b25917b1c18f940b71,6.243,ok,
brap_h8w10_a10_e2_B_seed1_pool,g8x10,carrier,1,589,937.0,110,568,206,60,0.0934,1951,97,1,1,0,4830.54,937,1594,589,986,1603,0,624.794,1266.2,0,0,0,0,0,270,5547.92,5547.96,c195c15ffe458285b88d8367f986f07edcd43011811b3c51e203776d0261cb6d,5.566,ok,
brap_h8w10_a10_e2_R1_seed0,g8x10,carrier,0,,,,,,,,,,,,,,,,,,,,,,,,,,,,,,,9.055,timeout,ements=0 assignment_second_solution_ms=-1 assignment_first_soc=-1 assignment_second_soc=-1 assignment_first_makespan=-1 assignment_second_makespan=-1
brap_h8w10_a10_e2_R1_seed1,g8x10,carrier,1,2347,3705.0,458,2241,684,282,0.0976,4502,419,0,0,0,-1,-1,-1,-1,-1,0,0,26.9493,1835.7,0,0,0,0,0,239302,5657.19,5657.21,55e9dfb00f217dcf66f771d249ebd2568fc87a9b3ef76f9ed808fc78354fdf04,5.691,ok,
