instance,family,method,success,executed_makespan,weighted_soc,loaded_moves,free_moves,lift_drop,shelf_switches,robot_utilization,first_solution_ms,runtime_sec,status,raw
ddmapd_h10w10r3d30t3_seed0,instances_small_ddmapd,carrier,1,23,52.0,35,11,6,0,0.5072,0.372941,11.276,ok,
ddmapd_h10w10r3d30t3_seed0,instances_standard_ddmapd,carrier,1,23,52.0,35,11,6,0,0.5072,0.269386,11.508,ok,
ddmapd_h10w10r3d30t3_seed1,instances_small_ddmapd,carrier,1,43,143.0,81,19,7,0,0.6279,0.675792,11.243,ok,
ddmapd_h10w10r3d30t3_seed1,instances_standard_ddmapd,carrier,1,43,143.0,81,19,7,0,0.6279,0.715051,11.345,ok,
ddmapd_h10w10r3d30t3_seed2,instances_small_ddmapd,carrier,1,28,68.0,39,23,6,0,0.4643,0.560612,11.516,ok,
ddmapd_h10w10r3d30t3_seed2,instances_standard_ddmapd,carrier,1,28,68.0,39,23,6,0,0.4643,0.450293,11.782,ok,
ddmapd_h16w16r4d30t8_seed0,instances_standard_ddmapd,carrier,1,71,324.0,161,86,18,0,0.5669,2.22669,11.155,ok,
ddmapd_h16w16r4d30t8_seed1,instances_standard_ddmapd,carrier,1,59,187.0,86,85,16,0,0.3644,1.50325,11.107,ok,
ddmapd_h16w16r4d30t8_seed2,instances_standard_ddmapd,carrier,1,70,275.0,129,103,17,0,0.4607,1.85397,11.181,ok,
ddmapd_h16w16r8d50t8_seed0,instances_standard_ddmapd,carrier,1,244,3245.0,1688,205,35,2,0.8648,20.6296,11.111,ok,
ddmapd_h16w16r8d50t8_seed1,instances_standard_ddmapd,carrier,1,53,391.0,187,129,19,0,0.441,2.00874,12.162,ok,
ddmapd_h16w16r8d50t8_seed2,instances_standard_ddmapd,carrier,1,142,1689.0,876,168,72,25,0.7711,10.0355,10.715,ok,
ddmapd_h24w24r12d60t16_seed0,instances_standard_ddmapd,carrier,1,1049,21114.0,10741,836,189,57,0.8533,178.871,11.356,ok,
ddmapd_h24w24r12d60t16_seed1,instances_standard_ddmapd,carrier,1,1156,23649.0,11862,834,210,57,0.8551,505.251,11.198,ok,
ddmapd_h24w24r12d60t16_seed2,instances_standard_ddmapd,carrier,1,1103,22043.0,11887,761,262,94,0.8981,686.133,11.282,ok,
ddmapd_h24w24r8d40t16_seed0,instances_standard_ddmapd,carrier,1,150,1326.0,812,267,37,0,0.6767,22.7174,10.532,ok,
ddmapd_h24w24r8d40t16_seed1,instances_standard_ddmapd,carrier,1,162,1103.0,678,246,82,24,0.5231,16.4605,11.399,ok,
ddmapd_h24w24r8d40t16_seed2,instances_standard_ddmapd,carrier,1,290,2573.0,1636,516,153,58,0.7052,42.6989,10.757,ok,
ddmapd_h8w8r2d20t2_seed0,instances_small_ddmapd,carrier,1,16,16.0,6,6,4,0,0.1875,0.165735,0.082,ok,
ddmapd_h8w8r2d20t2_seed1,instances_small_ddmapd,carrier,1,26,26.0,9,11,6,1,0.1731,0.188785,3.442,ok,
ddmapd_h8w8r2d20t2_seed2,instances_small_ddmapd,carrier,1,15,22.0,8,10,4,0,0.2667,0.165845,0.366,ok,
dneM_n32_seed0,instances_paper_dne_m,carrier,1,1592,47668.0,38341,8513,814,4,0.7526,7851.26,10.25,ok,
dneM_n32_seed1,instances_paper_dne_m,carrier,1,1274,38863.0,29958,8093,812,3,0.7348,7115.16,10.241,ok,
dneM_n32_seed10,instances_paper_dne_m,carrier,1,1126,34342.0,24935,8504,813,3,0.692,5226.56,10.269,ok,
dneM_n32_seed11,instances_paper_dne_m,carrier,1,1077,32601.0,23789,8000,812,3,0.6903,5979.6,10.267,ok,
dneM_n32_seed12,instances_paper_dne_m,carrier,1,1434,43185.0,33918,8459,808,1,0.7391,8010.86,10.241,ok,
dneM_n32_seed13,instances_paper_dne_m,carrier,1,1149,33707.0,24618,8281,808,1,0.6695,6008.58,10.257,ok,
dneM_n32_seed14,instances_paper_dne_m,carrier,1,1203,36063.0,27042,8213,808,1,0.7025,5339.96,10.349,ok,
dneM_n32_seed15,instances_paper_dne_m,carrier,1,1283,38865.0,29623,8418,824,9,0.7215,7682.33,10.249,ok,
dneM_n32_seed16,instances_paper_dne_m,carrier,1,1299,39923.0,31128,7904,809,1,0.7488,5708.57,10.276,ok,
dneM_n32_seed17,instances_paper_dne_m,carrier,1,1471,43091.0,34225,8056,810,2,0.7271,6519.17,10.229,ok,
dneM_n32_seed18,instances_paper_dne_m,carrier,1,2867,89482.0,79797,8849,836,15,0.8698,9429.27,10.287,ok,
dneM_n32_seed19,instances_paper_dne_m,carrier,1,1177,35300.0,26096,8296,809,1,0.6929,7201.94,10.23,ok,
dneM_n32_seed2,instances_paper_dne_m,carrier,1,1699,52381.0,42401,9164,816,5,0.7799,8495.8,10.224,ok,
dneM_n32_seed20,instances_paper_dne_m,carrier,1,1664,51158.0,41651,8602,811,2,0.7822,9560.42,10.241,ok,
dneM_n32_seed21,instances_paper_dne_m,carrier,1,1494,44607.0,35489,8308,810,2,0.7423,5746.43,10.308,ok,
dneM_n32_seed22,instances_paper_dne_m,carrier,0,,,,,,,,,10.052,timeout, best_targets_done=374 duplicate_configs=238 timed_out=1 seed=0 mode=lacam first_solution_ms=-1 first_solution_soc=-1 best_soc=-1 incumbent_updates=0 
dneM_n32_seed23,instances_paper_dne_m,carrier,1,1086,32456.0,23299,8349,808,1,0.6704,5735.75,10.269,ok,
dneM_n32_seed24,instances_paper_dne_m,carrier,1,1283,39036.0,29875,8341,820,7,0.7277,7179.98,10.255,ok,
dneM_n32_seed3,instances_paper_dne_m,carrier,1,1384,41783.0,32073,8746,819,6,0.7242,7500.61,10.246,ok,
dneM_n32_seed4,instances_paper_dne_m,carrier,1,1350,40599.0,31384,8401,814,4,0.7265,5983.23,10.33,ok,
dneM_n32_seed5,instances_paper_dne_m,carrier,1,1215,36918.0,27529,8581,808,1,0.7081,7092.88,10.245,ok,
dneM_n32_seed6,instances_paper_dne_m,carrier,1,1030,30236.0,21262,8016,809,1,0.6451,6507.85,10.272,ok,
dneM_n32_seed7,instances_paper_dne_m,carrier,1,1163,35332.0,25676,8840,816,5,0.6899,4943.35,10.363,ok,
dneM_n32_seed8,instances_paper_dne_m,carrier,1,1133,34478.0,25470,8200,808,1,0.7025,5777.77,10.347,ok,
dneM_n32_seed9,instances_paper_dne_m,carrier,1,1233,36495.0,27435,8250,810,2,0.6953,5601.15,10.252,ok,
r2rM_n32_seed0,instances_paper_r2r_m,carrier,1,653,17316.0,12009,4384,587,62,0.5747,3244.67,10.34,ok,
r2rM_n32_seed1,instances_paper_r2r_m,carrier,1,548,15782.0,10799,4331,462,0,0.6158,3694.97,10.22,ok,
r2rM_n32_seed10,instances_paper_r2r_m,carrier,1,554,15470.0,10766,4133,461,0,0.6073,3975.45,10.369,ok,
r2rM_n32_seed11,instances_paper_r2r_m,carrier,1,1643,26865.0,16126,4895,2321,929,0.3067,4855.84,10.363,ok,
r2rM_n32_seed12,instances_paper_r2r_m,carrier,1,551,16126.0,10911,4441,466,1,0.6188,3675.91,10.291,ok,
r2rM_n32_seed13,instances_paper_r2r_m,carrier,1,582,14727.0,10140,4127,460,0,0.5445,3410.99,10.169,ok,
r2rM_n32_seed14,instances_paper_r2r_m,carrier,1,616,17461.0,12176,4435,463,0,0.6177,3576.37,10.303,ok,
r2rM_n32_seed15,instances_paper_r2r_m,carrier,1,537,14737.0,10051,3938,462,0,0.5849,3270.27,10.215,ok,
r2rM_n32_seed16,instances_paper_r2r_m,carrier,1,655,18512.0,13445,4486,461,0,0.6415,3475.18,10.246,ok,
r2rM_n32_seed17,instances_paper_r2r_m,carrier,1,563,15501.0,10525,4270,462,0,0.5842,3776.88,10.161,ok,
r2rM_n32_seed18,instances_paper_r2r_m,carrier,1,534,15215.0,10232,4523,460,0,0.5988,3610.27,10.273,ok,
r2rM_n32_seed19,instances_paper_r2r_m,carrier,1,583,15703.0,11121,3978,461,0,0.5961,3313.74,10.433,ok,
r2rM_n32_seed2,instances_paper_r2r_m,carrier,1,549,15268.0,10711,3985,461,0,0.6097,3234.77,10.239,ok,
r2rM_n32_seed20,instances_paper_r2r_m,carrier,1,530,15435.0,10767,4031,462,0,0.6348,2975.6,10.337,ok,
r2rM_n32_seed21,instances_paper_r2r_m,carrier,1,515,14643.0,9881,4052,463,0,0.5996,3389.47,10.305,ok,
r2rM_n32_seed22,instances_paper_r2r_m,carrier,1,654,16307.0,11357,4032,463,0,0.5427,2942.33,10.477,ok,
r2rM_n32_seed23,instances_paper_r2r_m,carrier,1,500,13894.0,9439,3889,461,0,0.5899,2987.47,10.249,ok,
r2rM_n32_seed24,instances_paper_r2r_m,carrier,1,581,16339.0,11426,4155,462,0,0.6146,3533.93,10.238,ok,
r2rM_n32_seed3,instances_paper_r2r_m,carrier,1,627,15003.0,10411,3914,461,0,0.5189,2404.98,10.217,ok,
r2rM_n32_seed4,instances_paper_r2r_m,carrier,1,525,15377.0,10435,4207,463,0,0.6211,2452.81,10.341,ok,
r2rM_n32_seed5,instances_paper_r2r_m,carrier,1,579,16114.0,11431,3977,480,9,0.617,2923.32,10.249,ok,
r2rM_n32_seed6,instances_paper_r2r_m,carrier,1,568,15334.0,10695,3879,462,0,0.5884,3423.72,10.264,ok,
r2rM_n32_seed7,instances_paper_r2r_m,carrier,1,548,15854.0,10901,4387,475,7,0.6216,3818.55,10.303,ok,
r2rM_n32_seed8,instances_paper_r2r_m,carrier,1,575,15259.0,10861,3936,462,1,0.5903,2559.31,10.178,ok,
r2rM_n32_seed9,instances_paper_r2r_m,carrier,1,586,16776.0,11643,4448,462,0,0.6209,3333.3,10.294,ok,
s2wM_n32_seed0,instances_paper_s2w_m,carrier,1,1290,36883.0,22122,13985,776,4,0.5359,7124.34,10.196,ok,
s2wM_n32_seed1,instances_paper_s2w_m,carrier,1,1250,36291.0,21586,13933,772,2,0.5396,8990.44,10.152,ok,
s2wM_n32_seed10,instances_paper_s2w_m,carrier,1,1308,37801.0,23060,13973,768,0,0.5509,9366.44,10.139,ok,
s2wM_n32_seed11,instances_paper_s2w_m,carrier,1,1269,36794.0,21532,14490,772,2,0.5302,7079.94,10.245,ok,
s2wM_n32_seed12,instances_paper_s2w_m,carrier,1,1262,35547.0,21124,13655,768,0,0.5231,6969.54,10.22,ok,
s2wM_n32_seed13,instances_paper_s2w_m,carrier,1,1315,38575.0,23460,14339,776,4,0.5575,9002.11,10.122,ok,
s2wM_n32_seed14,instances_paper_s2w_m,carrier,1,1342,38284.0,23434,14076,774,3,0.5457,6630.05,10.228,ok,
s2wM_n32_seed15,instances_paper_s2w_m,carrier,1,1223,35079.0,20350,13953,776,4,0.52,8207.04,10.14,ok,
s2wM_n32_seed16,instances_paper_s2w_m,carrier,1,1243,36097.0,21488,13837,772,2,0.5402,8397.28,10.164,ok,
s2wM_n32_seed17,instances_paper_s2w_m,carrier,1,1331,39357.0,24486,14103,768,0,0.5749,7081.26,10.22,ok,
s2wM_n32_seed18,instances_paper_s2w_m,carrier,1,1325,38469.0,23720,13979,770,1,0.5594,9010.57,10.152,ok,
s2wM_n32_seed19,instances_paper_s2w_m,carrier,1,1306,36746.0,21736,14240,770,1,0.5201,8656.03,10.155,ok,
s2wM_n32_seed2,instances_paper_s2w_m,carrier,1,1219,36088.0,21132,14186,770,1,0.5417,8223.08,10.175,ok,
s2wM_n32_seed20,instances_paper_s2w_m,carrier,1,1338,39211.0,24402,14037,772,2,0.5699,8882.45,10.142,ok,
s2wM_n32_seed21,instances_paper_s2w_m,carrier,1,1300,37266.0,22420,14078,768,0,0.5389,9001.72,10.154,ok,
s2wM_n32_seed22,instances_paper_s2w_m,carrier,1,1341,38478.0,23676,14032,770,1,0.5517,9910.22,10.104,ok,
s2wM_n32_seed23,instances_paper_s2w_m,carrier,1,1272,36602.0,21858,13974,770,1,0.537,6724.54,10.256,ok,
s2wM_n32_seed24,instances_paper_s2w_m,carrier,1,1332,37940.0,22720,14448,772,2,0.533,9245.65,10.114,ok,
s2wM_n32_seed3,instances_paper_s2w_m,carrier,1,1298,38111.0,23450,13885,776,4,0.5646,9041.32,10.164,ok,
s2wM_n32_seed4,instances_paper_s2w_m,carrier,1,1253,37196.0,22480,13944,772,2,0.5607,7111.97,10.245,ok,
s2wM_n32_seed5,instances_paper_s2w_m,carrier,1,1345,37094.0,22214,14108,772,2,0.5161,8498.79,10.142,ok,
s2wM_n32_seed6,instances_paper_s2w_m,carrier,1,1223,34942.0,20398,13772,772,2,0.5212,8467.37,10.157,ok,
s2wM_n32_seed7,instances_paper_s2w_m,carrier,1,1268,36705.0,21810,14125,770,1,0.5375,7911.52,10.176,ok,
s2wM_n32_seed8,instances_paper_s2w_m,carrier,1,1310,37750.0,22666,14302,782,7,0.5407,8723.4,10.153,ok,
s2wM_n32_seed9,instances_paper_s2w_m,carrier,1,1334,38117.0,23338,14007,772,2,0.5467,8114.77,10.175,ok,
scramble_h12w12r20s40t8k160_seed0,sweep_ratio_r20,carrier,1,15,148.0,58,32,18,0,0.1933,0.554245,13.602,ok,
scramble_h12w12r20s40t8k160_seed1,sweep_ratio_r20,carrier,1,12,112.0,50,24,17,0,0.2083,0.487565,14.002,ok,
scramble_h12w12r2s40t8k160_seed1,sweep_ratio_r2,carrier,1,7,7.0,1,4,2,0,0.0714,0.139185,0.044,ok,
scramble_h12w12r2s40t8k160_seed7919,sweep_ratio_r2,carrier,1,10,10.0,2,4,4,0,0.1,0.161802,0.083,ok,
scramble_h12w12r4s100t8k160_seed0,sweep_fill_70,carrier,1,11,15.0,2,9,4,0,0.0455,0.276219,10.973,ok,
scramble_h12w12r4s100t8k160_seed7920,sweep_fill_70,carrier,1,20,56.0,21,14,3,0,0.2625,0.496522,10.746,ok,
scramble_h12w12r4s122t8k160_seed1,sweep_fill_85,carrier,1,4,4.0,1,1,2,0,0.0625,0.115399,0.03,ok,
scramble_h12w12r4s122t8k160_seed7919,sweep_fill_85,carrier,1,10,10.0,1,7,2,0,0.025,0.299005,10.964,ok,
scramble_h12w12r4s136t8k160_seed63352,sweep_fill_95,carrier,1,4,4.0,1,1,2,0,0.0625,0.160521,0.031,ok,
scramble_h12w12r4s136t8k160_seed7920,sweep_fill_95,carrier,1,9,21.0,7,5,3,0,0.1944,0.307991,10.712,ok,
scramble_h12w12r4s28t8k120_seed0,instances_standard_scramble,carrier,1,10,17.0,7,6,4,0,0.175,0.186354,11.388,ok,
scramble_h12w12r4s28t8k120_seed1,instances_standard_scramble,carrier,1,10,19.0,2,13,4,0,0.05,0.188414,11.321,ok,
scramble_h12w12r4s28t8k120_seed2,instances_standard_scramble,carrier,1,12,12.0,5,3,4,0,0.1042,0.154623,7.541,ok,
scramble_h12w12r4s40t8k160_seed0,sweep_ratio_r4,carrier,1,4,4.0,1,1,2,0,0.0625,0.103265,0.017,ok,
scramble_h12w12r4s40t8k160_seed1,sweep_ratio_r4,carrier,1,10,10.0,1,7,2,0,0.025,0.172489,11.526,ok,
scramble_h12w12r4s43t8k160_seed0,sweep_depth_160,carrier,1,9,21.0,5,10,6,0,0.1389,0.208297,11.656,ok,
scramble_h12w12r4s43t8k160_seed1,sweep_depth_160,carrier,1,9,34.0,10,13,7,0,0.2778,0.214284,11.408,ok,
scramble_h12w12r4s43t8k40_seed0,sweep_depth_40,carrier,1,5,5.0,1,2,2,0,0.05,0.119524,0.168,ok,
scramble_h12w12r4s43t8k40_seed1,sweep_depth_40,carrier,1,5,9.0,3,2,4,0,0.15,0.143264,0.296,ok,
scramble_h12w12r4s43t8k640_seed0,sweep_depth_640,carrier,1,22,50.0,12,28,10,0,0.1364,0.380114,11.635,ok,
scramble_h12w12r4s43t8k640_seed1,sweep_depth_640,carrier,1,24,86.0,35,34,15,0,0.3646,0.485016,11.517,ok,
scramble_h12w12r4s72t8k160_seed0,sweep_fill_50,carrier,1,24,107.0,34,37,10,0,0.3542,0.482543,11.157,ok,
scramble_h12w12r4s72t8k160_seed1,sweep_fill_50,carrier,1,19,87.0,28,26,10,0,0.3684,0.415847,11.207,ok,
scramble_h12w12r6s43t8k160_seed0,instances_standard_scramble,carrier,1,13,36.0,8,20,8,0,0.1026,0.331348,13.026,ok,
scramble_h12w12r6s43t8k160_seed1,instances_standard_scramble,carrier,1,11,11.0,4,5,2,0,0.0606,0.17607,12.415,ok,
scramble_h12w12r6s43t8k160_seed2,instances_standard_scramble,carrier,1,9,15.0,5,6,4,0,0.0926,0.206196,12.558,ok,
scramble_h12w12r6s72t16k160_seed0,sweep_ntgt_16,carrier,1,16,60.0,11,33,16,0,0.1146,0.324475,12.515,ok,
scramble_h12w12r6s72t16k160_seed1,sweep_ntgt_16,carrier,1,16,82.0,25,35,17,0,0.2604,0.340726,12.287,ok,
scramble_h12w12r6s72t1k160_seed0,sweep_ntgt_1,carrier,1,4,4.0,1,1,2,0,0.0417,0.102938,0.617,ok,
scramble_h12w12r6s72t1k160_seed1,sweep_ntgt_1,carrier,1,9,9.0,3,4,2,0,0.0556,0.169719,12.344,ok,
scramble_h12w12r6s72t4k160_seed0,sweep_ntgt_4,carrier,1,7,11.0,2,5,4,0,0.0476,0.177954,12.193,ok,
scramble_h12w12r6s72t4k160_seed1,sweep_ntgt_4,carrier,1,9,14.0,5,5,4,0,0.0926,0.221657,12.3,ok,
scramble_h12w12r6s72t64k160_seed0,sweep_ntgt_64,carrier,1,45,254.0,63,130,55,0,0.2333,1.36399,12.402,ok,
scramble_h12w12r6s72t64k160_seed1,sweep_ntgt_64,carrier,1,65,313.0,88,145,80,14,0.2256,1.91202,12.467,ok,
scramble_h12w12r8s40t8k160_seed0,sweep_ratio_r8,carrier,1,6,11.0,4,3,4,0,0.0833,0.152388,14.119,ok,
scramble_h12w12r8s40t8k160_seed1,sweep_ratio_r8,carrier,1,9,42.0,12,14,9,0,0.1667,0.232245,14.059,ok,
scramble_h16w16r8s128t16k320_seed0,instances_standard_scramble,carrier,1,23,148.0,51,70,19,0,0.2772,0.877636,12.315,ok,
scramble_h16w16r8s128t16k320_seed1,instances_standard_scramble,carrier,1,13,46.0,18,16,12,0,0.1731,0.514623,12.191,ok,
scramble_h16w16r8s128t16k320_seed2,instances_standard_scramble,carrier,1,22,150.0,46,65,14,0,0.2614,0.643756,12.364,ok,
scramble_h16w16r8s76t16k240_seed0,instances_standard_scramble,carrier,1,27,122.0,54,30,17,0,0.25,0.631527,13.712,ok,
scramble_h16w16r8s76t16k240_seed1,instances_standard_scramble,carrier,1,18,136.0,51,62,18,0,0.3542,0.678132,13.567,ok,
scramble_h16w16r8s76t16k240_seed2,instances_standard_scramble,carrier,1,21,127.0,45,50,16,0,0.2679,0.61694,12.874,ok,
scramble_h6w6r1s4t2k20_seed0,instances_small_scramble,carrier,1,5,5.0,2,1,2,0,0.4,0.06232,0.005,ok,
scramble_h6w6r1s4t2k20_seed110868,instances_small_scramble,carrier,1,5,5.0,3,0,2,0,0.6,0.050175,0.004,ok,
scramble_h6w6r1s4t2k20_seed39596,instances_small_scramble,carrier,1,7,7.0,5,0,2,0,0.7143,0.101749,0.005,ok,
scramble_h6w6r2s4t2k20_seed0,instances_small_scramble,carrier,1,7,7.0,3,2,2,0,0.2143,0.063992,0.004,ok,
scramble_h6w6r2s4t2k20_seed15839,instances_small_scramble,carrier,1,6,6.0,2,2,2,0,0.1667,0.062444,0.004,ok,
scramble_h6w6r2s4t2k20_seed15840,instances_small_scramble,carrier,1,6,6.0,1,3,2,0,0.0833,0.060839,0.007,ok,
scramble_h6w6r2s8t2k20_seed2,instances_standard_scramble,carrier,1,6,6.0,1,3,2,0,0.0833,0.062606,0.007,ok,
scramble_h6w6r2s8t2k20_seed47515,instances_standard_scramble,carrier,1,8,8.0,4,2,2,0,0.25,0.075287,0.005,ok,
scramble_h6w6r2s8t2k20_seed7919,instances_standard_scramble,carrier,1,4,4.0,2,0,2,0,0.25,0.052576,0.004,ok,
scramble_h6w6r2s8t2k40_seed1,instances_small_scramble,carrier,1,4,4.0,1,1,2,0,0.125,0.06136,0.004,ok,
scramble_h6w6r2s8t2k40_seed2,instances_small_scramble,carrier,1,7,7.0,1,4,2,0,0.0714,0.112604,0.019,ok,
scramble_h6w6r2s8t2k40_seed7919,instances_small_scramble,carrier,1,5,5.0,2,1,2,0,0.2,0.055571,0.004,ok,
scramble_h8w8r2s12t4k40_seed1,instances_standard_scramble,carrier,1,4,4.0,2,0,2,0,0.25,0.056219,0.004,ok,
scramble_h8w8r2s12t4k40_seed2,instances_standard_scramble,carrier,1,6,6.0,1,3,2,0,0.0833,0.084729,0.009,ok,
scramble_h8w8r2s12t4k40_seed7919,instances_standard_scramble,carrier,1,6,6.0,3,1,2,0,0.25,0.091989,0.005,ok,
scramble_h8w8r2s8t4k40_seed0,instances_small_scramble,carrier,1,3,3.0,1,0,2,0,0.1667,0.04945,0.004,ok,
scramble_h8w8r2s8t4k40_seed15839,instances_small_scramble,carrier,1,6,6.0,4,0,2,0,0.3333,0.092164,0.004,ok,
scramble_h8w8r2s8t4k40_seed31678,instances_small_scramble,carrier,1,8,8.0,3,3,2,0,0.1875,0.077895,0.006,ok,
scramble_h8w8r4s12t4k80_seed0,instances_small_scramble,carrier,1,7,7.0,5,0,2,0,0.1786,0.081338,0.004,ok,
scramble_h8w8r4s12t4k80_seed0,instances_standard_scramble,carrier,1,7,7.0,5,0,2,0,0.1786,0.113778,0.005,ok,
scramble_h8w8r4s12t4k80_seed1,instances_small_scramble,carrier,1,7,7.0,3,2,2,0,0.1071,0.101686,0.054,ok,
scramble_h8w8r4s12t4k80_seed1,instances_standard_scramble,carrier,1,7,7.0,3,2,2,0,0.1071,0.077614,0.047,ok,
scramble_h8w8r4s12t4k80_seed7921,instances_small_scramble,carrier,1,11,33.0,11,12,5,0,0.25,0.147426,11.965,ok,
scramble_h8w8r4s12t4k80_seed7921,instances_standard_scramble,carrier,1,11,33.0,11,12,5,0,0.25,0.169039,12.057,ok,
