name,height,width,block_size,aisle_width,block_rows,block_cols,block_count,requested_density,actual_density,shelves_per_block,total_shelves,storage_cells,corridor_cells,robots,targets,seed,yaml,html
warehouse_blocks_h20w20_b3_a1_d25_r8_t12_seed0,20,20,3,1,5,5,25,0.2500,0.22222222,2,50,225,175,8,12,0,instances/warehouse_blocks_h20w20_b3_a1_d25_r8_t12_seed0.yaml,cases/warehouse_blocks_h20w20_b3_a1_d25_r8_t12_seed0.html
warehouse_blocks_h20w20_b3_a1_d50_r8_t12_seed0,20,20,3,1,5,5,25,0.5000,0.55555556,5,125,225,175,8,12,0,instances/warehouse_blocks_h20w20_b3_a1_d50_r8_t12_seed0.yaml,cases/warehouse_blocks_h20w20_b3_a1_d50_r8_t12_seed0.html
warehouse_blocks_h20w20_b3_a1_d75_r8_t12_seed0,20,20,3,1,5,5,25,0.7500,0.77777778,7,175,225,175,8,12,0,instances/warehouse_blocks_h20w20_b3_a1_d75_r8_t12_seed0.yaml,cases/warehouse_blocks_h20w20_b3_a1_d75_r8_t12_seed0.html
warehouse_blocks_h20w20_b4_a1_d25_r8_t12_seed0,20,20,4,1,4,4,16,0.2500,0.25000000,4,64,256,144,8,12,0,instances/warehouse_blocks_h20w20_b4_a1_d25_r8_t12_seed0.yaml,cases/warehouse_blocks_h20w20_b4_a1_d25_r8_t12_seed0.html
warehouse_blocks_h20w20_b4_a1_d50_r8_t12_seed0,20,20,4,1,4,4,16,0.5000,0.50000000,8,128,256,144,8,12,0,instances/warehouse_blocks_h20w20_b4_a1_d50_r8_t12_seed0.yaml,cases/warehouse_blocks_h20w20_b4_a1_d50_r8_t12_seed0.html
warehouse_blocks_h20w20_b4_a1_d75_r8_t12_seed0,20,20,4,1,4,4,16,0.7500,0.75000000,12,192,256,144,8,12,0,instances/warehouse_blocks_h20w20_b4_a1_d75_r8_t12_seed0.yaml,cases/warehouse_blocks_h20w20_b4_a1_d75_r8_t12_seed0.html
warehouse_blocks_h20w20_b9_a1_d25_r8_t12_seed0,20,20,9,1,2,2,4,0.2500,0.24691358,20,80,324,76,8,12,0,instances/warehouse_blocks_h20w20_b9_a1_d25_r8_t12_seed0.yaml,cases/warehouse_blocks_h20w20_b9_a1_d25_r8_t12_seed0.html
warehouse_blocks_h20w20_b9_a1_d50_r8_t12_seed0,20,20,9,1,2,2,4,0.5000,0.50617284,41,164,324,76,8,12,0,instances/warehouse_blocks_h20w20_b9_a1_d50_r8_t12_seed0.yaml,cases/warehouse_blocks_h20w20_b9_a1_d50_r8_t12_seed0.html
warehouse_blocks_h20w20_b9_a1_d75_r8_t12_seed0,20,20,9,1,2,2,4,0.7500,0.75308642,61,244,324,76,8,12,0,instances/warehouse_blocks_h20w20_b9_a1_d75_r8_t12_seed0.yaml,cases/warehouse_blocks_h20w20_b9_a1_d75_r8_t12_seed0.html
