name,height,width,block_size,aisle_width,block_rows,block_cols,block_count,requested_density,actual_density,shelves_per_block,total_shelves,storage_cells,corridor_cells,robots,targets,seed,yaml,html,valid_instance,solved,makespan,loaded_moves,free_moves,lift_drop,anon_moves,weighted_soc,runtime_ms,first_solution_ms,timed_out,generator_failures,best_targets_done,plan,visualization,log
warehouse_blocks_h20w20_b3_a1_d25_r8_t12_seed0,20,20,3,1,5,5,25,0.2500,0.22222222,2,50,225,175,8,12,0,instances/warehouse_blocks_h20w20_b3_a1_d25_r8_t12_seed0.yaml,cases/warehouse_blocks_h20w20_b3_a1_d25_r8_t12_seed0.html,1,1,24,37,90,24,0,151,54.064,53,0,0,12,plans/warehouse_blocks_h20w20_b3_a1_d25_r8_t12_seed0.plan,viz/warehouse_blocks_h20w20_b3_a1_d25_r8_t12_seed0.html,logs/warehouse_blocks_h20w20_b3_a1_d25_r8_t12_seed0.log
warehouse_blocks_h20w20_b3_a1_d50_r8_t12_seed0,20,20,3,1,5,5,25,0.5000,0.55555556,5,125,225,175,8,12,0,instances/warehouse_blocks_h20w20_b3_a1_d50_r8_t12_seed0.yaml,cases/warehouse_blocks_h20w20_b3_a1_d50_r8_t12_seed0.html,1,1,29,37,89,24,0,150,93.3362,92,0,0,11,plans/warehouse_blocks_h20w20_b3_a1_d50_r8_t12_seed0.plan,viz/warehouse_blocks_h20w20_b3_a1_d50_r8_t12_seed0.html,logs/warehouse_blocks_h20w20_b3_a1_d50_r8_t12_seed0.log
warehouse_blocks_h20w20_b3_a1_d75_r8_t12_seed0,20,20,3,1,5,5,25,0.7500,0.77777778,7,175,225,175,8,12,0,instances/warehouse_blocks_h20w20_b3_a1_d75_r8_t12_seed0.yaml,cases/warehouse_blocks_h20w20_b3_a1_d75_r8_t12_seed0.html,1,1,22,37,67,24,0,128,91.2382,90,0,0,12,plans/warehouse_blocks_h20w20_b3_a1_d75_r8_t12_seed0.plan,viz/warehouse_blocks_h20w20_b3_a1_d75_r8_t12_seed0.html,logs/warehouse_blocks_h20w20_b3_a1_d75_r8_t12_seed0.log
warehouse_blocks_h20w20_b4_a1_d25_r8_t12_seed0,20,20,4,1,4,4,16,0.2500,0.25000000,4,64,256,144,8,12,0,instances/warehouse_blocks_h20w20_b4_a1_d25_r8_t12_seed0.yaml,cases/warehouse_blocks_h20w20_b4_a1_d25_r8_t12_seed0.html,1,1,20,31,62,24,0,117,34.6616,34,0,0,10,plans/warehouse_blocks_h20w20_b4_a1_d25_r8_t12_seed0.plan,viz/warehouse_blocks_h20w20_b4_a1_d25_r8_t12_seed0.html,logs/warehouse_blocks_h20w20_b4_a1_d25_r8_t12_seed0.log
warehouse_blocks_h20w20_b4_a1_d50_r8_t12_seed0,20,20,4,1,4,4,16,0.5000,0.50000000,8,128,256,144,8,12,0,instances/warehouse_blocks_h20w20_b4_a1_d50_r8_t12_seed0.yaml,cases/warehouse_blocks_h20w20_b4_a1_d50_r8_t12_seed0.html,1,1,24,29,73,24,0,126,58.1966,57,0,0,9,plans/warehouse_blocks_h20w20_b4_a1_d50_r8_t12_seed0.plan,viz/warehouse_blocks_h20w20_b4_a1_d50_r8_t12_seed0.html,logs/warehouse_blocks_h20w20_b4_a1_d50_r8_t12_seed0.log
warehouse_blocks_h20w20_b4_a1_d75_r8_t12_seed0,20,20,4,1,4,4,16,0.7500,0.75000000,12,192,256,144,8,12,0,instances/warehouse_blocks_h20w20_b4_a1_d75_r8_t12_seed0.yaml,cases/warehouse_blocks_h20w20_b4_a1_d75_r8_t12_seed0.html,1,1,30,46,103,26,4,179,188.367,187,0,0,9,plans/warehouse_blocks_h20w20_b4_a1_d75_r8_t12_seed0.plan,viz/warehouse_blocks_h20w20_b4_a1_d75_r8_t12_seed0.html,logs/warehouse_blocks_h20w20_b4_a1_d75_r8_t12_seed0.log
warehouse_blocks_h20w20_b9_a1_d25_r8_t12_seed0,20,20,9,1,2,2,4,0.2500,0.24691358,20,80,324,76,8,12,0,instances/warehouse_blocks_h20w20_b9_a1_d25_r8_t12_seed0.yaml,cases/warehouse_blocks_h20w20_b9_a1_d25_r8_t12_seed0.html,1,1,24,43,86,24,0,153,32.8361,32,0,0,12,plans/warehouse_blocks_h20w20_b9_a1_d25_r8_t12_seed0.plan,viz/warehouse_blocks_h20w20_b9_a1_d25_r8_t12_seed0.html,logs/warehouse_blocks_h20w20_b9_a1_d25_r8_t12_seed0.log
warehouse_blocks_h20w20_b9_a1_d50_r8_t12_seed0,20,20,9,1,2,2,4,0.5000,0.50617284,41,164,324,76,8,12,0,instances/warehouse_blocks_h20w20_b9_a1_d50_r8_t12_seed0.yaml,cases/warehouse_blocks_h20w20_b9_a1_d50_r8_t12_seed0.html,1,1,29,33,100,26,3,162,34.7892,33,0,0,8,plans/warehouse_blocks_h20w20_b9_a1_d50_r8_t12_seed0.plan,viz/warehouse_blocks_h20w20_b9_a1_d50_r8_t12_seed0.html,logs/warehouse_blocks_h20w20_b9_a1_d50_r8_t12_seed0.log
warehouse_blocks_h20w20_b9_a1_d75_r8_t12_seed0,20,20,9,1,2,2,4,0.7500,0.75308642,61,244,324,76,8,12,0,instances/warehouse_blocks_h20w20_b9_a1_d75_r8_t12_seed0.yaml,cases/warehouse_blocks_h20w20_b9_a1_d75_r8_t12_seed0.html,1,1,21,25,83,24,0,132,36.4892,35,0,0,12,plans/warehouse_blocks_h20w20_b9_a1_d75_r8_t12_seed0.plan,viz/warehouse_blocks_h20w20_b9_a1_d75_r8_t12_seed0.html,logs/warehouse_blocks_h20w20_b9_a1_d75_r8_t12_seed0.log
