name,goal_valid,corridor_drops,same_origin_returns,loaded_reversals
warehouse_blocks_h20w20_b3_a1_d25_r8_t12_seed0,1,0,0,0
warehouse_blocks_h20w20_b3_a1_d50_r8_t12_seed0,1,0,0,0
warehouse_blocks_h20w20_b3_a1_d75_r8_t12_seed0,1,0,0,0
warehouse_blocks_h20w20_b4_a1_d25_r8_t12_seed0,1,0,0,0
warehouse_blocks_h20w20_b4_a1_d50_r8_t12_seed0,1,0,0,0
warehouse_blocks_h20w20_b4_a1_d75_r8_t12_seed0,1,0,0,0
warehouse_blocks_h20w20_b9_a1_d25_r8_t12_seed0,1,0,0,0
warehouse_blocks_h20w20_b9_a1_d50_r8_t12_seed0,1,0,0,0
warehouse_blocks_h20w20_b9_a1_d75_r8_t12_seed0,1,0,0,0
