instance,family,method,success,executed_makespan,weighted_soc,weighted_work_scaled,loaded_moves,free_moves,lift_drop,shelf_switches,robot_utilization,first_solution_ms,first_solution_makespan,first_solution_soc,first_solution_work_scaled,best_makespan,best_soc,best_work_scaled,improvement_attempts,improvement_candidates,improvement_improvements,improvement_generator_failures,reference_checkpoint_hits,reference_action_hints,reference_suffix_attempts,reference_suffix_accepted,improvement_exit_reason,reversals,assignment_restarts,assignment_second_solved,assignment_improvements,assignment_second_solution_ms,assignment_first_soc,assignment_second_soc,assignment_first_makespan,assignment_second_makespan,upper_epoch_builds,pair_cache_hits,pair_cache_misses,pair_rollout_steps,pair_rollout_truncations,pair_rollout_stalls,tau_guide_changes_on_upper_move,joint_task_nodes,joint_task_edges,joint_shared_effects,joint_effect_conflicts,joint_candidate_backtracks,joint_paused_roots,ready_task_count,rho_repairs,rho_match_calls_execute,rho_match_calls_prepare,rho_candidates_input,rho_candidates_after_claims,rho_candidates_after_key_dedupe,rho_candidates_after_shelf_preselect,rho_candidates_after_priority,rho_invalid_filtered,rho_duplicate_key_filtered,rho_same_shelf_filtered,rho_upstream_claim_filtered,rho_mode_ineligible_filtered,rho_no_reachable_robot_filtered,rho_priority_filtered,rho_matrix_rows_total,rho_matrix_cols_total,rho_matrix_max_rows,rho_objective_version,rho_candidate_time_ms,rho_matrix_time_ms,rho_bottleneck_time_ms,rho_secondary_full_time_ms,rho_canonical_time_ms,rho_column_identity_same,rho_column_value_same,rho_mode_or_conflict_same,rho_changed_rows_0,rho_changed_rows_1,rho_changed_rows_2,rho_changed_rows_gt2,rho_assignment_changes,custody_continuations,zero_empty_no_ready,rewire_guidance_rebuilds,tau_time_ms,guidance_time_ms,timed_transport_expansions,timed_transport_frames,timed_transport_time_ms,owner_handoffs,causal_waiting,traffic_waiting,brd_tau_ms,brd_upper_ms,brd_upper_nodes,brd_upper_constraints,brd_upper_steps,brd_upper_transfers,brd_task_compile_ms,brd_waves,brd_tasks,brd_max_wave_width,brd_target_tasks,brd_anon_tasks,brd_match_calls,brd_match_ms,brd_match_max_cardinality_ms,brd_match_max_cardinality_cutoffs,brd_match_max_rows,brd_match_rows_without_finite_real_edge,brd_match_maximum_real_cardinality,brd_match_real_assignments,brd_match_hall_deficient_calls,brd_dispatch_epochs,brd_completion_events,brd_tasks_completed_per_event,brd_locked_carriers_max,brd_provisional_reassignments,brd_segments,brd_segment_ms,brd_segment_nodes,brd_segment_failures,brd_cleanup_ms,brd_replay_ms,brd_raw_ticks,brd_raw_work_scaled,brd_goal_prefix_removed,brd_incidental_goal_prefix_ms,brd_raw_plan_valid,brd_exit_reason,deliverable_ms,solver_runtime_ms,plan_sha256,runtime_sec,status,raw
brap_h10w10_a12_e3_B_seed0_pool,g10x10,carrier_brd,1,207,345.0,345000000,40,191,80,6,0.0966,82,207,345,345000000,207,345,345000000,0,0,0,0,0,0,0,0,NOT_ATTEMPTED,1,0,0,0,-1,-1,-1,-1,-1,0,0,0,0,0,0,0,0,0,0,0,0,0,0,0,0,0,0,0,0,0,0,0,0,0,0,0,0,0,0,0,0,BOTTLENECK_TARGET_FRONTIER_CONTINUITY_V2,0,0,0,0,0,0,0,0,0,0,0,0,0,0,0,0,0,0.09322,0,0,0,0,0,0,30.2724,29.8964,29,29,28,47,0.886949,28,47,3,7,40,47,0.564912,0.019376,0,3,0,65,65,0,47,47,"1,1,1,1,1,1,1,1,1,1,1,1,1,1,1,1,1,1,1,1,1,1,1,1,1,1,1,1,1,1,1,1,1,1,1,1,1,1,1,1,1,1,1,1,1,1,1",1,1,47,9.95561,289,0,0.055003,1.45265,242,386000000,35,75,1,SOLVED,82,83.0108,cdf1324eefbdcceed12bf9677a2bd4c00fb6842b031a3c8287c5c6846a381a0c,0.092,ok,
brap_h10w10_a12_e3_B_seed1_pool,g10x10,carrier_brd,1,711,1240.0,1240000000,167,603,334,91,0.1174,214,711,1240,1240000000,711,1240,1240000000,0,0,0,0,0,0,0,0,NOT_ATTEMPTED,1,0,0,0,-1,-1,-1,-1,-1,0,0,0,0,0,0,0,0,0,0,0,0,0,0,0,0,0,0,0,0,0,0,0,0,0,0,0,0,0,0,0,0,BOTTLENECK_TARGET_FRONTIER_CONTINUITY_V2,0,0,0,0,0,0,0,0,0,0,0,0,0,0,0,0,0,0.305798,0,0,0,0,0,0,42.8118,101.088,86,86,85,167,2.78635,85,167,3,31,136,137,1.71359,0.059764,0,3,0,205,205,0,137,137,"1,1,2,2,2,2,2,2,2,2,2,2,2,2,2,1,1,1,2,1,1,1,1,1,1,1,1,1,1,2,1,1,1,1,1,1,1,1,1,1,1,1,2,1,1,1,1,1,1,1,1,1,1,1,2,1,1,1,1,1,1,1,1,1,1,1,1,1,1,1,1,1,1,1,1,1,1,1,1,1,1,1,1,1,1,1,1,1,1,1,1,1,1,1,2,2,2,2,1,1,1,1,1,1,1,1,1,1,1,2,2,2,2,1,1,1,1,2,2,2,2,2,1,1,1,1,1,1,1,1,1,1,1,1,1,1,1",1,1,137,30.2529,848,0,0.162409,3.99116,711,1240000000,0,198,1,SOLVED,214,214.252,103b251ba8b7406b40813007f498b508d7075ed21681f64fcc49a5c54dcf214d,0.226,ok,
brap_h10w10_a12_e3_R1_seed0,g10x10,carrier_brd,0,,,,,,,,,,,,,,,,,,,,,,,,,,,,,,,,,,,,,,,,,,,,,,,,,,,,,,,,,,,,,,,,,,,,,,,,,,,,,,,,,,,,,,,,,,,0.729987,8882.35,47,391455,0,0,0,0,0,0,0,0,0,0,0,0,0,0,0,0,0,0,0,,0,0,0,0,0,0,0,0,0,-1,0,-1,0,UPPER_TIMEOUT,,,,8.928,timeout, brd_raw_ticks=0 brd_raw_work_scaled=-1 brd_goal_prefix_removed=0 brd_incidental_goal_prefix_ms=-1 brd_raw_plan_valid=0 brd_exit_reason=UPPER_TIMEOUT
brap_h10w10_a12_e3_R1_seed1,g10x10,carrier_brd,1,1741,3189.0,3189000000,470,1481,940,391,0.135,510,1741,3189,3189000000,1741,3189,3189000000,0,0,0,0,0,0,0,0,NOT_ATTEMPTED,5,0,0,0,-1,-1,-1,-1,-1,0,0,0,0,0,0,0,0,0,0,0,0,0,0,0,0,0,0,0,0,0,0,0,0,0,0,0,0,0,0,0,0,BOTTLENECK_TARGET_FRONTIER_CONTINUITY_V2,0,0,0,0,0,0,0,0,0,0,0,0,0,0,0,0,0,0.762093,0,0,0,0,0,0,0.607507,340.341,190,190,189,470,6.16702,189,470,3,172,298,418,4.96106,0.17656,0,3,0,608,608,0,418,418,"2,1,1,1,1,2,1,1,1,1,1,1,1,1,1,1,1,1,1,1,1,1,1,1,1,1,1,1,1,1,1,1,1,1,1,1,1,1,1,1,1,1,1,1,1,1,1,1,1,1,1,1,1,1,1,1,1,1,2,1,1,1,1,1,1,1,1,2,1,1,1,1,1,1,1,1,1,1,1,1,1,1,1,1,1,1,1,1,1,1,1,1,1,1,1,1,1,1,1,1,1,2,2,2,1,1,1,1,1,1,1,1,2,1,1,1,1,2,1,1,1,2,1,1,1,1,2,1,1,1,1,1,1,1,1,1,1,1,1,1,1,1,1,1,1,1,1,1,1,1,1,1,1,1,1,1,1,1,1,1,1,1,1,1,1,1,1,1,1,1,1,1,1,2,1,1,2,1,1,1,1,1,2,2,2,2,2,2,2,2,2,1,1,1,1,1,1,1,1,1,1,2,2,2,2,2,2,2,2,2,2,2,2,2,2,2,2,2,2,2,2,2,2,2,2,2,1,1,1,1,1,1,1,1,1,1,1,1,1,1,1,1,1,1,1,1,1,1,1,1,1,1,1,1,1,1,1,1,1,1,1,1,1,1,1,1,1,1,2,1,1,1,1,1,1,1,1,1,1,1,1,1,1,1,1,1,1,1,1,1,1,1,1,1,1,1,1,1,1,1,1,1,1,1,1,1,1,1,1,1,1,1,1,1,1,1,1,1,1,1,1,1,1,1,1,1,1,1,1,1,1,1,1,1,1,1,1,1,1,1,2,1,1,1,1,2,1,1,1,1,1,1,1,1,1,1,2,1,1,1,1,1,1,1,1,1,1,1,1,1,1,1,1,1,1,1,1,1,1,1,1,1,1,1,1,1,1,1,1,1,1,1,1,1,1,1,1,1,1,1,1,1,1,1,1,1,1,1,1,1,1,1,1,1,1,2,1,1",1,7,418,71.4432,2159,0,0.398448,10.2613,1741,3189000000,0,470,1,SOLVED,510,510.537,5b7a0c03973e42ef301dd9b188414aa768cbc6420121f21ea339c4b55cb35c8e,0.528,ok,
brap_h10w10_a12_e8_B_seed0_pool,g10x10,carrier_brd,1,534,919.0,919000000,116,491,232,65,0.1086,93,534,919,919000000,534,919,919000000,0,0,0,0,0,0,0,0,NOT_ATTEMPTED,5,0,0,0,-1,-1,-1,-1,-1,0,0,0,0,0,0,0,0,0,0,0,0,0,0,0,0,0,0,0,0,0,0,0,0,0,0,0,0,0,0,0,0,BOTTLENECK_TARGET_FRONTIER_CONTINUITY_V2,0,0,0,0,0,0,0,0,0,0,0,0,0,0,0,0,0,0.2033,0,0,0,0,0,0,26.317,17.5543,54,54,53,116,1.59368,53,116,6,36,80,101,1.83916,0.055694,0,6,0,141,141,0,101,101,"1,2,1,1,1,1,1,2,1,1,1,1,1,1,2,1,1,1,1,1,1,1,1,1,1,1,2,2,1,1,1,2,1,1,1,1,1,1,1,2,1,1,1,2,2,1,2,1,1,1,1,1,2,1,1,2,1,1,1,1,1,1,2,1,1,1,1,2,1,1,1,1,1,1,2,1,1,1,1,1,1,1,1,1,1,1,1,1,1,1,1,1,1,1,1,1,1,1,1,1,1",1,10,101,21.3027,635,0,0.131188,2.78744,534,919000000,0,82,1,SOLVED,93,93.7008,66a2b880591b4e61912ebf168095b7ecbd22f75a4e809bc9bf82dc1f2fb29071,0.104,ok,
brap_h10w10_a12_e8_B_seed1_pool,g10x10,carrier_brd,1,643,1208.0,1208000000,153,655,306,96,0.119,123,643,1208,1208000000,643,1208,1208000000,0,0,0,0,0,0,0,0,NOT_ATTEMPTED,4,0,0,0,-1,-1,-1,-1,-1,0,0,0,0,0,0,0,0,0,0,0,0,0,0,0,0,0,0,0,0,0,0,0,0,0,0,0,0,0,0,0,0,BOTTLENECK_TARGET_FRONTIER_CONTINUITY_V2,0,0,0,0,0,0,0,0,0,0,0,0,0,0,0,0,0,0.29744,0,0,0,0,0,0,26.0019,25.5673,52,54,51,153,1.66271,51,153,7,59,94,139,2.95891,0.090391,0,7,0,198,198,0,139,139,"1,1,1,1,1,1,1,2,1,2,1,1,1,1,1,1,1,1,1,1,1,1,1,1,1,1,1,1,1,1,2,1,1,2,1,1,2,1,1,1,1,1,1,1,1,1,1,1,1,1,1,1,1,2,1,2,1,1,1,1,1,1,1,1,1,1,1,1,1,2,1,1,1,1,1,1,1,1,1,1,1,1,1,1,1,1,1,1,1,1,1,1,1,1,1,1,1,1,1,1,1,1,1,1,1,1,2,1,1,2,1,1,1,1,1,2,1,2,1,2,2,1,1,1,1,1,1,1,1,1,1,1,1,1,1,1,1,1,1",1,14,139,29.8804,782,0,0.181673,5.60101,643,1208000000,0,104,1,SOLVED,123,123.635,380fd8744c6ba2d01d66e5cf37176ebc2b80e3d94d9313bf9a4b19d10456c3fb,0.135,ok,
brap_h10w10_a12_e8_R1_seed0,g10x10,carrier_brd,1,1718,3172.0,3172000000,387,1748,774,312,0.1126,271,1718,3172,3172000000,1718,3172,3172000000,0,0,0,0,0,0,0,0,NOT_ATTEMPTED,13,0,0,0,-1,-1,-1,-1,-1,0,0,0,0,0,0,0,0,0,0,0,0,0,0,0,0,0,0,0,0,0,0,0,0,0,0,0,0,0,0,0,0,BOTTLENECK_TARGET_FRONTIER_CONTINUITY_V2,0,0,0,0,0,0,0,0,0,0,0,0,0,0,0,0,0,0.755179,0,0,0,0,0,0,0.69972,99.2281,139,338,131,387,4.34962,131,387,6,124,263,347,7.16842,0.224514,0,6,0,516,516,0,347,347,"1,2,1,1,1,1,1,1,1,1,1,1,1,1,2,1,1,1,1,1,1,1,1,1,2,1,1,2,1,1,1,1,1,1,1,1,1,1,1,1,2,1,1,1,1,1,1,1,1,1,1,1,1,1,1,1,1,1,1,1,1,1,1,1,1,1,1,1,1,2,1,1,1,1,1,1,2,1,1,1,1,1,1,1,1,2,1,1,1,1,1,1,1,1,2,1,1,1,1,1,1,1,1,2,1,1,1,1,1,1,1,1,1,1,1,1,1,1,1,1,1,1,1,1,1,1,1,1,1,1,1,1,1,1,1,1,1,2,1,1,1,1,1,1,1,1,1,1,1,1,1,1,1,2,1,1,1,1,1,1,1,1,1,1,1,1,1,1,1,1,1,1,1,1,1,1,1,1,1,1,1,1,1,1,1,1,1,1,2,1,2,1,1,1,1,1,2,2,2,1,1,1,1,1,2,1,1,1,1,1,1,1,1,1,1,1,1,1,1,1,2,1,1,1,1,1,1,1,1,1,1,1,2,1,2,1,1,1,1,1,1,1,2,1,1,1,1,1,1,1,1,1,2,2,1,1,2,1,1,1,1,1,1,1,1,1,1,1,1,1,1,1,1,2,2,1,1,1,1,2,2,1,1,1,1,1,1,1,1,1,1,1,1,2,1,2,1,1,1,1,1,1,1,1,1,1,1,1,2,2,2,2,2,2,2,1,1,1,1,1,1,1,1,1,1,1,1,1,1,1,1,1,2,1,1,1,1,1,1,1,1,1,2,1,1,1,1",1,40,347,73.6749,2065,0,0.401255,9.8489,1718,3172000000,0,233,1,SOLVED,271,271.497,0982398431de23049d7760ff4ebef8d3cf1768ad14f299947fd43bbc54e6eb60,0.289,ok,
brap_h10w10_a12_e8_R1_seed1,g10x10,carrier_brd,1,1437,2527.0,2527000000,317,1359,634,238,0.1103,296,1437,2527,2527000000,1437,2527,2527000000,0,0,0,0,0,0,0,0,NOT_ATTEMPTED,7,0,0,0,-1,-1,-1,-1,-1,0,0,0,0,0,0,0,0,0,0,0,0,0,0,0,0,0,0,0,0,0,0,0,0,0,0,0,0,0,0,0,0,BOTTLENECK_TARGET_FRONTIER_CONTINUITY_V2,0,0,0,0,0,0,0,0,0,0,0,0,0,0,0,0,0,0.584363,0,0,0,0,0,0,0.47352,163.009,163,3260,144,317,4.4692,144,317,7,100,217,287,4.62094,0.147981,0,7,0,385,385,0,287,287,"1,1,1,1,1,1,1,1,1,2,1,1,1,1,1,1,2,1,1,1,1,1,1,1,1,1,1,1,1,1,1,1,1,1,2,1,1,1,1,1,1,1,1,1,1,2,1,1,1,1,1,1,1,1,1,1,1,1,2,1,1,1,1,1,1,1,1,1,1,1,1,1,1,1,1,1,1,1,1,1,2,1,1,2,1,1,1,1,2,2,1,1,2,2,2,2,1,1,1,1,1,2,1,2,1,1,1,1,1,1,1,1,1,1,2,1,1,1,1,1,1,1,2,1,1,1,1,1,1,1,1,1,1,1,1,1,1,2,1,1,1,1,1,1,1,1,1,1,1,1,1,1,1,1,1,1,1,1,1,1,2,2,1,1,1,1,1,1,1,1,1,1,1,1,1,1,2,2,1,1,1,1,1,1,1,1,1,1,1,1,1,1,1,1,1,1,1,1,1,2,1,1,1,1,1,1,1,1,1,1,1,1,1,1,2,1,1,1,1,1,1,1,1,1,1,1,1,1,1,1,1,1,1,1,1,1,1,1,1,1,1,2,2,2,2,2,2,1,1,1,1,1,1,1,1,1,1,1,1,1,1,1,1,1,1,1,1,1,1,1,1,1,1,1,1,1,1,1,1,1,1,1,1,1,1,1,1",1,23,287,55.3927,1724,0,0.300995,7.89424,1437,2527000000,0,264,1,SOLVED,296,296.136,9eb71c2a86584839de6321180d3a832fbf51f44220df6fc395d7ddbec7983acd,0.312,ok,
brap_h10w10_a1_e1_B_seed0_pool,g10x10,carrier_brd,1,142,166.0,166000000,28,58,56,9,0.0986,21,142,166,166000000,142,166,166000000,0,0,0,0,0,0,0,0,NOT_ATTEMPTED,0,0,0,0,-1,-1,-1,-1,-1,0,0,0,0,0,0,0,0,0,0,0,0,0,0,0,0,0,0,0,0,0,0,0,0,0,0,0,0,0,0,0,0,BOTTLENECK_TARGET_FRONTIER_CONTINUITY_V2,0,0,0,0,0,0,0,0,0,0,0,0,0,0,0,0,0,0.04893,0,0,0,0,0,0,4.13694,2.25402,32,32,31,31,0.903106,31,31,1,5,26,31,0.225184,0.006733,0,1,0,31,31,0,31,31,"1,1,1,1,1,1,1,1,1,1,1,1,1,1,1,1,1,1,1,1,1,1,1,1,1,1,1,1,1,1,1",0,0,31,6.05378,188,0,0.027449,0.859936,157,183000000,15,17,1,SOLVED,21,21.1822,14556ad5e7d4ae1661bd6431264e7285d7cc64649a1bb2a3f69c08d83dc809f5,0.029,ok,
brap_h10w10_a1_e1_B_seed1_pool,g10x10,carrier_brd,1,0,0.0,0,0,0,0,0,0.0,0,0,0,0,0,0,0,0,0,0,0,0,0,0,0,NOT_ATTEMPTED,0,0,0,0,-1,-1,-1,-1,-1,0,0,0,0,0,0,0,0,0,0,0,0,0,0,0,0,0,0,0,0,0,0,0,0,0,0,0,0,0,0,0,0,BOTTLENECK_TARGET_FRONTIER_CONTINUITY_V2,0,0,0,0,0,0,0,0,0,0,0,0,0,0,0,0,0,0,0,0,0,0,0,0,0,0,0,0,0,0,0,0,0,0,0,0,0,0,0,0,0,0,0,0,0,0,0,,0,0,0,0,0,0,0,0,0,0,0,-1,1,SOLVED,0,0.008795,e3b0c44298fc1c149afbf4c8996fb92427ae41e4649b934ca495991b7852b855,0.008,ok,
brap_h10w10_a1_e1_R1_seed0,g10x10,carrier_brd,1,62,71.0,71000000,11,29,22,3,0.0887,7,62,71,71000000,62,71,71000000,0,0,0,0,0,0,0,0,NOT_ATTEMPTED,0,0,0,0,-1,-1,-1,-1,-1,0,0,0,0,0,0,0,0,0,0,0,0,0,0,0,0,0,0,0,0,0,0,0,0,0,0,0,0,0,0,0,0,BOTTLENECK_TARGET_FRONTIER_CONTINUITY_V2,0,0,0,0,0,0,0,0,0,0,0,0,0,0,0,0,0,0.022947,0,0,0,0,0,0,0.098726,1.67496,12,12,11,11,0.331191,11,11,1,2,9,11,0.106493,0.003053,0,1,0,11,11,0,11,11,"1,1,1,1,1,1,1,1,1,1,1",0,0,11,2.52993,73,0,0.013543,0.378571,62,71000000,0,6,1,SOLVED,7,7.89329,eac3edf24383d4f299a4cb1b870322a4aff8a1dd0430f076f60b70d323559e71,0.015,ok,
brap_h10w10_a1_e1_R1_seed1,g10x10,carrier_brd,1,329,384.0,384000000,68,125,136,22,0.1033,40,329,384,384000000,329,384,384000000,0,0,0,0,0,0,0,0,NOT_ATTEMPTED,0,0,0,0,-1,-1,-1,-1,-1,0,0,0,0,0,0,0,0,0,0,0,0,0,0,0,0,0,0,0,0,0,0,0,0,0,0,0,0,0,0,0,0,BOTTLENECK_TARGET_FRONTIER_CONTINUITY_V2,0,0,0,0,0,0,0,0,0,0,0,0,0,0,0,0,0,0.102412,0,0,0,0,0,0,0.131966,8.75944,69,69,68,68,2.08563,68,68,1,13,55,68,0.441858,0.014263,0,1,0,68,68,0,68,68,"1,1,1,1,1,1,1,1,1,1,1,1,1,1,1,1,1,1,1,1,1,1,1,1,1,1,1,1,1,1,1,1,1,1,1,1,1,1,1,1,1,1,1,1,1,1,1,1,1,1,1,1,1,1,1,1,1,1,1,1,1,1,1,1,1,1,1,1",0,0,68,12.3039,397,0,0.056514,1.91214,329,384000000,0,32,1,SOLVED,40,40.1185,97174c16cba03e7333888155d82b429f6709d0cd8c9d29e07a82280debefb9b3,0.049,ok,
brap_h20w20_a40_e100_B_seed0_pool,g20x20,carrier_brd,1,1568,6678.0,6678000000,634,4473,1268,473,0.0809,2858,1568,6678,6678000000,1568,6678,6678000000,0,0,0,0,0,0,0,0,NOT_ATTEMPTED,129,0,0,0,-1,-1,-1,-1,-1,0,0,0,0,0,0,0,0,0,0,0,0,0,0,0,0,0,0,0,0,0,0,0,0,0,0,0,0,0,0,0,0,BOTTLENECK_TARGET_FRONTIER_CONTINUITY_V2,0,0,0,0,0,0,0,0,0,0,0,0,0,0,0,0,0,1.4672,0,0,0,0,0,0,1924.66,44.1046,73,73,72,634,7.62037,72,634,29,331,303,513,322.413,2.64806,0,29,0,1750,1750,0,513,513,"1,3,1,1,1,2,1,1,1,1,1,1,1,1,1,3,1,3,1,1,1,1,1,1,1,1,1,2,1,1,4,1,2,1,1,1,1,1,1,1,1,1,1,2,1,1,2,1,1,1,1,2,1,1,1,1,1,2,1,1,1,1,1,2,1,2,1,1,1,3,2,1,1,1,1,1,2,2,2,1,1,2,1,2,1,1,1,2,1,1,1,1,1,2,1,1,1,1,1,1,2,1,1,2,2,1,1,2,1,1,1,2,2,1,1,1,1,1,1,1,1,1,1,2,1,2,1,1,1,1,1,1,1,1,1,1,1,2,1,1,1,2,1,1,1,1,1,1,1,1,1,2,1,2,1,1,1,1,1,1,2,1,1,1,1,1,1,1,1,1,1,1,1,1,1,1,1,1,1,1,1,1,2,1,1,1,1,1,1,1,1,1,1,2,1,1,1,1,1,1,1,1,1,1,1,1,1,1,1,1,1,1,2,1,1,1,2,1,1,1,1,1,1,1,1,1,1,1,3,1,2,1,1,2,1,1,1,3,1,1,1,1,1,1,1,1,1,1,1,1,2,2,1,2,1,1,1,1,3,1,3,3,1,1,1,1,1,1,1,1,1,1,1,2,1,2,1,1,1,1,1,1,1,1,1,1,1,1,1,2,2,1,1,1,2,1,1,1,1,1,1,1,2,1,1,1,1,1,1,1,1,1,1,1,2,1,1,1,2,1,2,1,1,1,3,1,1,1,1,1,1,1,1,1,1,1,1,2,2,1,1,1,1,1,1,1,1,2,1,1,2,1,1,1,1,1,1,1,1,1,1,1,1,1,1,1,4,1,1,1,1,1,1,1,2,1,1,2,1,1,1,1,1,2,1,1,1,1,1,1,1,2,2,1,1,2,1,1,1,1,2,1,1,1,2,1,1,1,1,1,2,1,1,2,1,2,2,1,1,1,3,2,1,1,1,1,1,2,1,4,2,1,1,1,1,2,1,2,1,1,2,1,1,1,1,4,1,2,1,1,2,2,1,1,1,1,1,1,1,3,1,1,2,2,1,3,1,2,1,1,3,1,2,2,1,1,1,1,2,1,1,1,1,1,1,1,1,1,2,1,1,2,1,1,1,1,1,1,1,1,1,1,1,1,1,1,1,1,1,1,1,1,1",4,305,513,267.766,2081,0,1.04613,36.1775,1568,6678000000,0,2717,1,SOLVED,2858,2858.3,171570300a2c8c5a03bbedaa1cc8daab18807e51538a80e4ea30fb9c31040924,2.903,ok,
brap_h20w20_a40_e100_B_seed1_pool,g20x20,carrier_brd,1,1820,8012.0,8012000000,743,5396,1486,557,0.0816,2309,1820,8012,8012000000,1820,8012,8012000000,0,0,0,0,0,0,0,0,NOT_ATTEMPTED,129,0,0,0,-1,-1,-1,-1,-1,0,0,0,0,0,0,0,0,0,0,0,0,0,0,0,0,0,0,0,0,0,0,0,0,0,0,0,0,0,0,0,0,BOTTLENECK_TARGET_FRONTIER_CONTINUITY_V2,0,0,0,0,0,0,0,0,0,0,0,0,0,0,0,0,0,1.66209,0,0,0,0,0,0,1129.36,61.3364,77,77,76,743,8.23313,76,743,32,356,387,581,469.987,3.2377,0,32,0,1962,1962,0,581,581,"1,1,1,1,1,2,1,2,1,1,1,1,1,1,2,5,1,1,1,1,3,1,1,1,1,1,2,1,1,1,1,1,1,2,1,1,1,2,1,1,1,1,1,1,1,1,1,1,1,2,2,1,1,3,2,2,1,1,1,3,1,1,1,1,1,1,1,3,1,1,1,1,1,1,1,2,1,1,1,1,1,1,2,1,2,1,2,1,1,2,2,1,1,1,2,2,1,1,1,1,2,1,1,1,1,1,2,1,1,1,1,2,2,1,3,1,2,2,3,1,1,1,1,1,1,1,1,1,1,1,1,1,2,1,2,1,2,1,1,1,1,1,2,2,1,1,1,2,1,2,1,2,1,1,1,2,2,1,3,1,1,1,1,1,1,1,1,1,1,1,1,1,1,1,1,1,2,2,2,1,1,1,1,1,2,1,2,2,1,1,1,1,1,1,2,1,1,1,2,1,2,2,1,1,1,1,3,1,1,1,1,1,1,2,2,1,1,2,1,1,1,1,1,1,1,1,1,1,1,2,1,1,1,1,2,1,2,1,1,1,1,1,1,1,1,1,1,1,1,1,2,2,1,2,1,1,1,1,1,1,2,1,1,2,1,1,1,1,1,1,1,1,1,1,1,1,1,1,1,1,1,2,1,2,1,1,1,1,2,1,1,1,2,1,1,1,1,1,1,1,1,1,1,1,1,1,1,1,1,1,1,2,1,1,2,1,1,1,1,2,1,1,1,1,1,1,1,1,1,1,1,2,1,1,1,1,1,1,1,1,1,1,1,1,1,1,1,1,1,2,1,1,1,1,1,1,1,1,1,1,2,1,1,1,2,1,1,1,1,1,1,1,2,1,3,1,1,1,1,1,3,1,1,1,1,1,1,1,1,1,2,2,1,1,1,1,1,1,1,1,1,1,3,2,1,1,1,1,1,1,1,1,1,2,1,1,1,1,1,1,1,2,1,1,4,1,1,1,1,1,1,1,2,1,1,2,2,1,2,1,2,1,1,1,1,1,1,1,1,1,1,3,1,1,1,1,1,1,3,1,2,1,1,1,2,2,1,1,1,1,1,3,1,2,1,1,1,1,1,1,1,1,1,4,1,1,1,4,1,1,5,1,1,4,1,1,4,1,1,1,3,2,1,1,1,2,2,1,1,2,3,2,2,4,1,1,1,4,1,2,1,3,1,1,1,1,3,2,1,1,2,1,1,2,1,1,1,1,2,1,1,1,1,1,1,1,1,2,1,1,1,1,1,1,1,2,2,1,1,1,1,2,2,1,1,1,1,1,1,1,1,1,1,1,1,1,1,1,1,1,1",4,354,581,307.325,2401,0,1.16208,40.4706,1820,8012000000,0,2149,1,SOLVED,2309,2309.72,d69f7ed72fced1d1b6c2a354da8544be698da5bc1902a9edc731ab1da3ef72f9,2.361,ok,
brap_h20w20_a40_e100_R1_seed0,g20x20,carrier_brd,0,,,,,,,,,,,,,,,,,,,,,,,,,,,,,,,,,,,,,,,,,,,,,,,,,,,,,,,,,,,,,,,,,,,,,,,,,,,,,,,,,,,,,,,,,,,2.11929,8733.73,962,163750,0,0,0,0,0,0,0,0,0,0,0,0,0,0,0,0,0,0,0,,0,0,0,0,0,0,0,0,0,-1,0,-1,0,UPPER_TIMEOUT,,,,8.756,timeout, brd_raw_ticks=0 brd_raw_work_scaled=-1 brd_goal_prefix_removed=0 brd_incidental_goal_prefix_ms=-1 brd_raw_plan_valid=0 brd_exit_reason=UPPER_TIMEOUT
brap_h20w20_a40_e100_R1_seed1,g20x20,carrier_brd,0,,,,,,,,,,,,,,,,,,,,,,,,,,,,,,,,,,,,,,,,,,,,,,,,,,,,,,,,,,,,,,,,,,,,,,,,,,,,,,,,,,,,,,,,,,,2.10443,8803.37,324,197720,0,0,0,0,0,0,0,0,0,0,0,0,0,0,0,0,0,0,0,,0,0,0,0,0,0,0,0,0,-1,0,-1,0,UPPER_TIMEOUT,,,,8.832,timeout, brd_raw_ticks=0 brd_raw_work_scaled=-1 brd_goal_prefix_removed=0 brd_incidental_goal_prefix_ms=-1 brd_raw_plan_valid=0 brd_exit_reason=UPPER_TIMEOUT
brap_h20w20_a40_e10_B_seed0_pool,g20x20,carrier_brd,0,,,,,,,,,,,,,,,,,,,,,,,,,,,,,,,,,,,,,,,,,,,,,,,,,,,,,,,,,,,,,,,,,,,,,,,,,,,,,,,,,,,,,,,,,,,1332.07,7233.02,207,121839,0,0,0,0,0,0,0,0,0,0,0,0,0,0,0,0,0,0,0,,0,0,0,0,0,0,0,0,0,-1,0,-1,0,UPPER_TIMEOUT,,,,8.683,timeout, brd_raw_ticks=0 brd_raw_work_scaled=-1 brd_goal_prefix_removed=0 brd_incidental_goal_prefix_ms=-1 brd_raw_plan_valid=0 brd_exit_reason=UPPER_TIMEOUT
brap_h20w20_a40_e10_B_seed1_pool,g20x20,carrier_brd,0,,,,,,,,,,,,,,,,,,,,,,,,,,,,,,,,,,,,,,,,,,,,,,,,,,,,,,,,,,,,,,,,,,,,,,,,,,,,,,,,,,,,,,,,,,,1436.06,7204.68,300,104593,0,0,0,0,0,0,0,0,0,0,0,0,0,0,0,0,0,0,0,,0,0,0,0,0,0,0,0,0,-1,0,-1,0,UPPER_TIMEOUT,,,,8.655,timeout, brd_raw_ticks=0 brd_raw_work_scaled=-1 brd_goal_prefix_removed=0 brd_incidental_goal_prefix_ms=-1 brd_raw_plan_valid=0 brd_exit_reason=UPPER_TIMEOUT
brap_h20w20_a40_e10_R1_seed0,g20x20,carrier_brd,0,,,,,,,,,,,,,,,,,,,,,,,,,,,,,,,,,,,,,,,,,,,,,,,,,,,,,,,,,,,,,,,,,,,,,,,,,,,,,,,,,,,,,,,,,,,5.00878,8759.83,325,152119,0,0,0,0,0,0,0,0,0,0,0,0,0,0,0,0,0,0,0,,0,0,0,0,0,0,0,0,0,-1,0,-1,0,UPPER_TIMEOUT,,,,8.785,timeout, brd_raw_ticks=0 brd_raw_work_scaled=-1 brd_goal_prefix_removed=0 brd_incidental_goal_prefix_ms=-1 brd_raw_plan_valid=0 brd_exit_reason=UPPER_TIMEOUT
brap_h20w20_a40_e10_R1_seed1,g20x20,carrier_brd,1,3108,10743.0,10743000000,1635,4516,3270,1310,0.1052,3014,3108,10743,10743000000,3108,10743,10743000000,0,0,0,0,0,0,0,0,NOT_ATTEMPTED,30,0,0,0,-1,-1,-1,-1,-1,0,0,0,0,0,0,0,0,0,0,0,0,0,0,0,0,0,0,0,0,0,0,0,0,0,0,0,0,0,0,0,0,BOTTLENECK_TARGET_FRONTIER_CONTINUITY_V2,0,0,0,0,0,0,0,0,0,0,0,0,0,0,0,0,0,3.2874,0,0,0,0,0,0,4.69003,1649.42,426,426,425,1635,51.2154,425,1635,9,313,1322,795,32.5187,0.816617,0,9,0,2073,2073,0,795,795,"1,1,1,2,1,1,1,1,1,1,1,1,1,1,1,1,2,1,1,1,1,1,1,2,1,1,1,3,2,1,1,1,2,1,1,1,1,1,1,1,1,1,2,1,1,1,1,1,3,1,1,3,1,1,1,1,3,1,1,4,1,1,4,1,1,4,1,1,4,1,1,4,1,1,3,1,1,3,2,5,5,4,1,1,3,1,1,5,5,5,5,1,3,1,1,3,1,1,4,3,1,1,4,1,5,5,5,5,5,5,5,5,1,4,1,4,5,5,5,5,3,4,4,4,4,3,3,3,3,3,3,3,1,2,1,1,2,1,3,5,1,4,1,1,1,1,1,1,1,4,1,1,1,4,1,1,3,1,1,1,4,1,1,4,1,1,3,1,1,1,1,2,1,1,1,1,1,1,1,1,1,1,1,1,4,2,4,1,1,3,2,1,1,3,1,1,1,2,1,1,1,1,3,2,1,4,1,1,4,1,1,3,1,2,1,3,1,2,4,1,1,4,1,1,1,3,1,1,1,2,2,1,1,3,1,1,1,3,2,4,1,1,3,1,2,1,3,1,1,1,1,1,1,1,5,1,5,5,1,5,1,4,1,1,1,2,1,1,1,1,3,1,1,4,1,1,4,1,1,1,3,1,1,2,1,1,1,1,1,1,3,1,1,1,1,1,2,1,2,3,1,1,2,2,1,1,4,1,1,1,3,1,1,5,5,5,5,5,4,4,1,3,1,1,2,1,1,1,3,1,4,2,1,1,1,3,1,1,1,1,1,1,3,1,5,2,2,1,1,1,1,1,2,1,2,2,1,1,1,1,1,1,1,1,3,1,1,1,1,2,1,1,1,1,2,1,1,2,1,1,1,1,1,1,1,1,1,1,1,2,1,1,4,1,1,2,1,1,1,1,1,2,1,5,1,4,2,3,2,3,1,4,1,4,5,2,3,1,4,5,4,4,4,4,4,4,1,1,4,4,3,1,4,4,1,1,3,1,2,1,1,1,1,1,2,1,1,4,1,4,1,4,1,3,1,3,1,3,1,3,1,3,2,3,1,2,1,1,1,4,1,4,4,4,4,4,4,4,4,1,1,1,1,1,3,1,4,2,3,2,2,4,1,3,1,4,1,3,1,1,1,1,1,1,4,1,1,1,2,1,3,1,4,4,4,1,3,1,1,4,1,1,4,1,1,2,1,2,5,3,1,4,1,2,1,1,1,4,4,4,4,2,2,4,4,1,3,1,4,4,4,4,3,3,3,3,3,1,2,1,2,3,3,1,2,1,2,3,3,3,2,1,2,1,2,2,3,3,3,3,3,3,3,3,3,3,3,3,3,3,3,1,3,3,3,3,3,4,4,1,2,1,1,2,3,3,1,3,1,3,3,1,2,1,2,3,3,3,3,3,3,3,4,4,4,4,4,2,2,2,3,3,3,3,3,3,3,3,3,3,4,4,2,1,1,2,1,1,3,4,3,1,3,1,3,4,4,5,5,5,5,1,3,1,3,4,4,3,3,3,3,1,2,3,2,2,2,2,2,2,2,2,2,2,2,2,2,3,2,2,2,2,2,1,1,1,2,1,1,2,2,2,2,2,2,2,2,1,1,2,2,2,2,2,2,2,1,1,2,2,1,1,2,2,2,2,2,2,2,1,2,1,1,2,2,2,2,2,2,2,2,2,2,2,2,2,2,2,1,2,1,2,3,1,2,3,3,2,1,1,3,2,2,2,2,2,2,2,2,2,2,2,2,2,2,2,2,2,2,1,1,1,1,1,1,1,1,1,1,1,1,1,1,1,1",4,51,795,547.193,3903,0,1.51582,88.7427,3108,10743000000,0,2661,1,SOLVED,3014,3015.43,e0fecf3d332c08e05137313895ebcc8ab6a328bdd324178059dc07f41c6bb2f6,3.118,ok,
brap_h40w40_a160_e400_R1_seed0,g40x40,carrier_brd,0,,,,,,,,,,,,,,,,,,,,,,,,,,,,,,,,,,,,,,,,,,,,,,,,,,,,,,,,,,,,,,,,,,,,,,,,,,,,,,,,,,,,,,,,,,,90.3614,8465.65,767,47903,0,0,0,0,0,0,0,0,0,0,0,0,0,0,0,0,0,0,0,,0,0,0,0,0,0,0,0,0,-1,0,-1,0,UPPER_TIMEOUT,,,,8.574,timeout, brd_raw_ticks=0 brd_raw_work_scaled=-1 brd_goal_prefix_removed=0 brd_incidental_goal_prefix_ms=-1 brd_raw_plan_valid=0 brd_exit_reason=UPPER_TIMEOUT
brap_h40w40_a160_e400_R1_seed1,g40x40,carrier_brd,0,,,,,,,,,,,,,,,,,,,,,,,,,,,,,,,,,,,,,,,,,,,,,,,,,,,,,,,,,,,,,,,,,,,,,,,,,,,,,,,,,,,,,,,,,,,90.5692,8471.31,282,50109,0,0,0,0,0,0,0,0,0,0,0,0,0,0,0,0,0,0,0,,0,0,0,0,0,0,0,0,0,-1,0,-1,0,UPPER_TIMEOUT,,,,8.578,timeout, brd_raw_ticks=0 brd_raw_work_scaled=-1 brd_goal_prefix_removed=0 brd_incidental_goal_prefix_ms=-1 brd_raw_plan_valid=0 brd_exit_reason=UPPER_TIMEOUT
brap_h40w40_a160_e40_R1_seed0,g40x40,carrier_brd,0,,,,,,,,,,,,,,,,,,,,,,,,,,,,,,,,,,,,,,,,,,,,,,,,,,,,,,,,,,,,,,,,,,,,,,,,,,,,,,,,,,,,,,,,,,,114.206,8387.53,316,316,0,0,0,0,0,0,0,0,0,0,0,0,0,0,0,0,0,0,0,,0,0,0,0,0,0,0,0,0,-1,0,-1,0,UPPER_TIMEOUT,,,,8.515,timeout, brd_raw_ticks=0 brd_raw_work_scaled=-1 brd_goal_prefix_removed=0 brd_incidental_goal_prefix_ms=-1 brd_raw_plan_valid=0 brd_exit_reason=UPPER_TIMEOUT
brap_h40w40_a160_e40_R1_seed1,g40x40,carrier_brd,0,,,,,,,,,,,,,,,,,,,,,,,,,,,,,,,,,,,,,,,,,,,,,,,,,,,,,,,,,,,,,,,,,,,,,,,,,,,,,,,,,,,,,,,,,,,108.945,8392.94,339,339,0,0,0,0,0,0,0,0,0,0,0,0,0,0,0,0,0,0,0,,0,0,0,0,0,0,0,0,0,-1,0,-1,0,UPPER_TIMEOUT,,,,8.515,timeout, brd_raw_ticks=0 brd_raw_work_scaled=-1 brd_goal_prefix_removed=0 brd_incidental_goal_prefix_ms=-1 brd_raw_plan_valid=0 brd_exit_reason=UPPER_TIMEOUT
brap_h40w40_a80_e400_B_seed0_pool,g40x40,carrier_brd,0,,,,,,,,,,,,,,,,,,,,,,,,,,,,,,,,,,,,,,,,,,,,,,,,,,,,,,,,,,,,,,,,,,,,,,,,,,,,,,,,,,,,,,,,,,,8501.03,0,0,0,0,0,0,0,0,0,0,0,0,0,0,0,0,0,0,0,0,0,0,,0,0,0,0,0,0,0,0,0,-1,0,-1,0,SEARCH_TIMEOUT,,,,8.513,timeout,brd_raw_ticks=0 brd_raw_work_scaled=-1 brd_goal_prefix_removed=0 brd_incidental_goal_prefix_ms=-1 brd_raw_plan_valid=0 brd_exit_reason=SEARCH_TIMEOUT
brap_h40w40_a80_e400_B_seed1_pool,g40x40,carrier_brd,0,,,,,,,,,,,,,,,,,,,,,,,,,,,,,,,,,,,,,,,,,,,,,,,,,,,,,,,,,,,,,,,,,,,,,,,,,,,,,,,,,,,,,,,,,,,8501.03,0,0,0,0,0,0,0,0,0,0,0,0,0,0,0,0,0,0,0,0,0,0,,0,0,0,0,0,0,0,0,0,-1,0,-1,0,SEARCH_TIMEOUT,,,,8.512,timeout,brd_raw_ticks=0 brd_raw_work_scaled=-1 brd_goal_prefix_removed=0 brd_incidental_goal_prefix_ms=-1 brd_raw_plan_valid=0 brd_exit_reason=SEARCH_TIMEOUT
brap_h40w40_a80_e40_B_seed0_pool,g40x40,carrier_brd,0,,,,,,,,,,,,,,,,,,,,,,,,,,,,,,,,,,,,,,,,,,,,,,,,,,,,,,,,,,,,,,,,,,,,,,,,,,,,,,,,,,,,,,,,,,,8501.03,0,0,0,0,0,0,0,0,0,0,0,0,0,0,0,0,0,0,0,0,0,0,,0,0,0,0,0,0,0,0,0,-1,0,-1,0,SEARCH_TIMEOUT,,,,8.514,timeout,brd_raw_ticks=0 brd_raw_work_scaled=-1 brd_goal_prefix_removed=0 brd_incidental_goal_prefix_ms=-1 brd_raw_plan_valid=0 brd_exit_reason=SEARCH_TIMEOUT
brap_h40w40_a80_e40_B_seed1_pool,g40x40,carrier_brd,0,,,,,,,,,,,,,,,,,,,,,,,,,,,,,,,,,,,,,,,,,,,,,,,,,,,,,,,,,,,,,,,,,,,,,,,,,,,,,,,,,,,,,,,,,,,8501.04,0,0,0,0,0,0,0,0,0,0,0,0,0,0,0,0,0,0,0,0,0,0,,0,0,0,0,0,0,0,0,0,-1,0,-1,0,SEARCH_TIMEOUT,,,,8.513,timeout,brd_raw_ticks=0 brd_raw_work_scaled=-1 brd_goal_prefix_removed=0 brd_incidental_goal_prefix_ms=-1 brd_raw_plan_valid=0 brd_exit_reason=SEARCH_TIMEOUT
brap_h4w10_a5_e10_B_seed0_pool,g4x10,carrier_brd,1,27,38.0,38000000,5,21,10,0,0.0926,2,27,38,38000000,27,38,38000000,0,0,0,0,0,0,0,0,NOT_ATTEMPTED,0,0,0,0,-1,-1,-1,-1,-1,0,0,0,0,0,0,0,0,0,0,0,0,0,0,0,0,0,0,0,0,0,0,0,0,0,0,0,0,0,0,0,0,BOTTLENECK_TARGET_FRONTIER_CONTINUITY_V2,0,0,0,0,0,0,0,0,0,0,0,0,0,0,0,0,0,0.008736,0,0,0,0,0,0,1.03036,0.361931,4,4,3,5,0.043977,3,5,3,3,2,4,0.05688,0.0019,0,3,0,5,5,0,4,4,"2,1,1,1",0,0,4,0.521057,31,0,0.00433,0.058195,27,38000000,0,2,1,SOLVED,2,2.51101,e38cf9712a3f9cc854a17c9ac85ae519dbf25040ab12920e65064c956ed9e35a,0.011,ok,
brap_h4w10_a5_e10_B_seed1_pool,g4x10,carrier_brd,1,25,32.0,32000000,6,11,12,1,0.12,2,25,32,32000000,25,32,32000000,0,0,0,0,0,0,0,0,NOT_ATTEMPTED,0,0,0,0,-1,-1,-1,-1,-1,0,0,0,0,0,0,0,0,0,0,0,0,0,0,0,0,0,0,0,0,0,0,0,0,0,0,0,0,0,0,0,0,BOTTLENECK_TARGET_FRONTIER_CONTINUITY_V2,0,0,0,0,0,0,0,0,0,0,0,0,0,0,0,0,0,0.009895,0,0,0,0,0,0,1.10524,0.208948,6,6,5,6,0.062614,5,6,2,3,3,6,0.050675,0.001721,0,2,0,6,6,0,6,6,"1,1,1,1,1,1",1,0,6,0.556963,31,0,0.006642,0.061552,25,32000000,0,2,1,SOLVED,2,2.47185,bf72aeec56469fb2cf737d6ecd870e47139cc7cdd27d84571432e69d56e636b1,0.01,ok,
brap_h4w10_a5_e10_R1_seed0,g4x10,carrier_brd,1,270,424.0,424000000,74,162,148,51,0.137,15,270,424,424000000,270,424,424000000,0,0,0,0,0,0,0,0,NOT_ATTEMPTED,0,0,0,0,-1,-1,-1,-1,-1,0,0,0,0,0,0,0,0,0,0,0,0,0,0,0,0,0,0,0,0,0,0,0,0,0,0,0,0,0,0,0,0,BOTTLENECK_TARGET_FRONTIER_CONTINUITY_V2,0,0,0,0,0,0,0,0,0,0,0,0,0,0,0,0,0,0.089827,0,0,0,0,0,0,0.075035,5.26395,44,44,43,74,0.532852,43,74,4,34,40,65,0.579146,0.021201,0,4,0,80,80,0,65,65,"1,1,1,1,1,1,1,1,1,1,2,2,1,1,2,1,1,1,1,2,1,1,1,1,1,1,2,1,1,1,1,2,1,1,2,2,2,1,1,1,1,1,1,1,1,1,1,1,1,1,1,1,1,1,1,1,1,1,1,1,1,1,1,1,1",1,2,65,4.56185,335,0,0.045366,0.581969,270,424000000,0,13,1,SOLVED,15,16.0031,c0110964142988efa284fd6afec2a0118914bb44f23d4fcaffa1f0fbf543f95c,0.023,ok,
brap_h4w10_a5_e10_R1_seed1,g4x10,carrier_brd,1,59,102.0,102000000,19,37,38,8,0.161,3,59,102,102000000,59,102,102000000,0,0,0,0,0,0,0,0,NOT_ATTEMPTED,0,0,0,0,-1,-1,-1,-1,-1,0,0,0,0,0,0,0,0,0,0,0,0,0,0,0,0,0,0,0,0,0,0,0,0,0,0,0,0,0,0,0,0,BOTTLENECK_TARGET_FRONTIER_CONTINUITY_V2,0,0,0,0,0,0,0,0,0,0,0,0,0,0,0,0,0,0.020313,0,0,0,0,0,0,0.054506,0.568795,12,12,11,19,0.168378,11,19,3,11,8,12,0.123957,0.004958,0,3,0,19,19,0,12,12,"2,1,2,2,2,2,2,2,1,1,1,1",0,0,12,1.04845,71,0,0.01024,0.131568,59,102000000,0,2,1,SOLVED,3,3.09504,59b0f259a670bdbe551082237e05478bbbd0f98ebc88ce387ac63019ab11ed01,0.01,ok,
brap_h4w10_a5_e1_B_seed0_pool,g4x10,carrier_brd,1,38,43.0,43000000,7,17,14,0,0.0921,4,38,43,43000000,38,43,43000000,0,0,0,0,0,0,0,0,NOT_ATTEMPTED,0,0,0,0,-1,-1,-1,-1,-1,0,0,0,0,0,0,0,0,0,0,0,0,0,0,0,0,0,0,0,0,0,0,0,0,0,0,0,0,0,0,0,0,BOTTLENECK_TARGET_FRONTIER_CONTINUITY_V2,0,0,0,0,0,0,0,0,0,0,0,0,0,0,0,0,0,0.01162,0,0,0,0,0,0,1.67809,1.29802,8,8,7,7,0.101962,7,7,1,2,5,7,0.054654,0.001645,0,1,0,7,7,0,7,7,"1,1,1,1,1,1,1",0,0,7,0.767155,45,0,0.006068,0.093302,38,43000000,0,4,1,SOLVED,4,4.69556,6da11df9e439cbeb37cbe7d911a34b4466f702c200e2113e7b3341528784c607,0.011,ok,
brap_h4w10_a5_e1_B_seed1_pool,g4x10,carrier_brd,1,31,36.0,36000000,6,13,12,0,0.0968,4,31,36,36000000,31,36,36000000,0,0,0,0,0,0,0,0,NOT_ATTEMPTED,0,0,0,0,-1,-1,-1,-1,-1,0,0,0,0,0,0,0,0,0,0,0,0,0,0,0,0,0,0,0,0,0,0,0,0,0,0,0,0,0,0,0,0,BOTTLENECK_TARGET_FRONTIER_CONTINUITY_V2,0,0,0,0,0,0,0,0,0,0,0,0,0,0,0,0,0,0.009967,0,0,0,0,0,0,2.29624,0.753784,7,7,6,6,0.099336,6,6,1,1,5,6,0.04854,0.001422,0,1,0,6,6,0,6,6,"1,1,1,1,1,1",0,0,6,0.651728,37,0,0.005649,0.075693,31,36000000,0,4,1,SOLVED,4,4.7014,ff6e6dbb8660719d7aacb1a22b853bfe6296702334501778c73325f111b82d1f,0.012,ok,
brap_h4w10_a5_e1_R1_seed0,g4x10,carrier_brd,0,,,,,,,,,,,,,,,,,,,,,,,,,,,,,,,,,,,,,,,,,,,,,,,,,,,,,,,,,,,,,,,,,,,,,,,,,,,,,,,,,,,,,,,,,,,0.117306,9166.35,107,553008,0,0,0,0,0,0,0,0,0,0,0,0,0,0,0,0,0,0,0,,0,0,0,0,0,0,0,0,0,-1,0,-1,0,UPPER_TIMEOUT,,,,9.225,timeout, brd_raw_ticks=0 brd_raw_work_scaled=-1 brd_goal_prefix_removed=0 brd_incidental_goal_prefix_ms=-1 brd_raw_plan_valid=0 brd_exit_reason=UPPER_TIMEOUT
brap_h4w10_a5_e1_R1_seed1,g4x10,carrier_brd,1,194,225.0,225000000,39,77,78,13,0.1005,47,194,225,225000000,194,225,225000000,0,0,0,0,0,0,0,0,NOT_ATTEMPTED,0,0,0,0,-1,-1,-1,-1,-1,0,0,0,0,0,0,0,0,0,0,0,0,0,0,0,0,0,0,0,0,0,0,0,0,0,0,0,0,0,0,0,0,BOTTLENECK_TARGET_FRONTIER_CONTINUITY_V2,0,0,0,0,0,0,0,0,0,0,0,0,0,0,0,0,0,0.052843,0,0,0,0,0,0,0.075583,39.3072,40,40,39,39,0.526747,39,39,1,8,31,39,0.221015,0.007547,0,1,0,39,39,0,39,39,"1,1,1,1,1,1,1,1,1,1,1,1,1,1,1,1,1,1,1,1,1,1,1,1,1,1,1,1,1,1,1,1,1,1,1,1,1,1,1",0,0,39,3.29797,233,0,0.022789,0.458569,194,225000000,0,45,1,SOLVED,47,47.2847,70f27c60afdfb53b3ca279fb77f2125724835c0fccc67f5ee21db74bbedd9d7a,0.055,ok,
brap_h6w10_a6_e15_B_seed0_pool,g6x10,carrier_brd,1,160,283.0,283000000,46,122,92,26,0.1437,14,160,283,283000000,160,283,283000000,0,0,0,0,0,0,0,0,NOT_ATTEMPTED,0,0,0,0,-1,-1,-1,-1,-1,0,0,0,0,0,0,0,0,0,0,0,0,0,0,0,0,0,0,0,0,0,0,0,0,0,0,0,0,0,0,0,0,BOTTLENECK_TARGET_FRONTIER_CONTINUITY_V2,0,0,0,0,0,0,0,0,0,0,0,0,0,0,0,0,0,0.057697,0,0,0,0,0,0,3.1892,2.56106,19,19,18,46,0.369276,18,46,5,23,23,40,0.544777,0.018762,0,5,0,56,56,0,40,40,"1,1,1,1,1,1,1,1,1,1,1,1,2,1,1,1,1,1,1,1,1,1,1,2,1,2,1,1,1,1,1,1,2,2,2,1,1,1,1,1",1,3,40,3.67997,200,0,0.036798,0.485156,160,283000000,0,12,1,SOLVED,14,14.3046,1d0353b150420695469488157af6c985513f8f0b9cbea4ae0784012738ac813c,0.021,ok,
brap_h6w10_a6_e15_B_seed1_pool,g6x10,carrier_brd,1,61,87.0,87000000,14,38,28,6,0.1148,5,61,87,87000000,61,87,87000000,0,0,0,0,0,0,0,0,NOT_ATTEMPTED,0,0,0,0,-1,-1,-1,-1,-1,0,0,0,0,0,0,0,0,0,0,0,0,0,0,0,0,0,0,0,0,0,0,0,0,0,0,0,0,0,0,0,0,BOTTLENECK_TARGET_FRONTIER_CONTINUITY_V2,0,0,0,0,0,0,0,0,0,0,0,0,0,0,0,0,0,0.020829,0,0,0,0,0,0,1.90865,0.768184,9,9,8,14,0.141565,8,14,3,7,7,14,0.142051,0.004969,0,3,0,17,17,0,14,14,"1,1,1,1,1,1,1,1,1,1,1,1,1,1",1,0,14,1.37374,75,0,0.015059,0.197762,61,87000000,0,5,1,SOLVED,5,5.80631,3894e284cbfcbc67992054999a22ec2966120ea58efa505e406e310389f61764,0.013,ok,
brap_h6w10_a6_e15_R1_seed0,g6x10,carrier_brd,1,137,233.0,233000000,37,99,74,16,0.135,8,137,233,233000000,137,233,233000000,0,0,0,0,0,0,0,0,NOT_ATTEMPTED,1,0,0,0,-1,-1,-1,-1,-1,0,0,0,0,0,0,0,0,0,0,0,0,0,0,0,0,0,0,0,0,0,0,0,0,0,0,0,0,0,0,0,0,BOTTLENECK_TARGET_FRONTIER_CONTINUITY_V2,0,0,0,0,0,0,0,0,0,0,0,0,0,0,0,0,0,0.049415,0,0,0,0,0,0,0.07123,1.78296,17,17,16,37,0.292237,16,37,4,14,23,30,0.337202,0.012118,0,4,0,41,41,0,30,30,"1,1,1,1,1,1,1,1,1,1,2,1,2,1,2,1,2,1,1,1,2,1,1,2,1,1,2,1,1,1",1,1,30,2.94373,167,0,0.030567,0.405843,137,233000000,0,7,1,SOLVED,8,8.8661,8b870eb957e4df6f1e89952b1e1f1a316e01ddec45a6523b77d008eadbed60f8,0.016,ok,
brap_h6w10_a6_e15_R1_seed1,g6x10,carrier_brd,1,251,408.0,408000000,65,178,130,41,0.1295,16,251,408,408000000,251,408,408000000,0,0,0,0,0,0,0,0,NOT_ATTEMPTED,1,0,0,0,-1,-1,-1,-1,-1,0,0,0,0,0,0,0,0,0,0,0,0,0,0,0,0,0,0,0,0,0,0,0,0,0,0,0,0,0,0,0,0,BOTTLENECK_TARGET_FRONTIER_CONTINUITY_V2,0,0,0,0,0,0,0,0,0,0,0,0,0,0,0,0,0,0.089285,0,0,0,0,0,0,0.079299,3.6027,40,40,39,65,0.684636,39,65,4,30,35,56,0.557723,0.019188,0,4,0,72,72,0,56,56,"1,1,2,1,1,1,1,2,1,1,1,1,1,1,2,1,1,1,1,1,1,2,1,1,1,1,1,1,1,1,1,1,1,1,1,1,1,1,1,1,1,2,1,1,1,1,1,1,1,2,2,2,2,1,1,1",1,1,56,5.35717,307,0,0.055594,0.761672,251,408000000,0,13,1,SOLVED,16,16.4102,43f7305eb33e00953d50c9b543cfa9e3d48370868f77a3442bd6e4b18958e653,0.024,ok,
brap_h6w10_a6_e1_B_seed0_pool,g6x10,carrier_brd,0,,,,,,,,,,,,,,,,,,,,,,,,,,,,,,,,,,,,,,,,,,,,,,,,,,,,,,,,,,,,,,,,,,,,,,,,,,,,,,,,,,,,,,,,,,,18.8186,8893.14,19,318430,0,0,0,0,0,0,0,0,0,0,0,0,0,0,0,0,0,0,0,,0,0,0,0,0,0,0,0,0,-1,0,-1,0,UPPER_TIMEOUT,,,,8.947,timeout, brd_raw_ticks=0 brd_raw_work_scaled=-1 brd_goal_prefix_removed=0 brd_incidental_goal_prefix_ms=-1 brd_raw_plan_valid=0 brd_exit_reason=UPPER_TIMEOUT
brap_h6w10_a6_e1_B_seed1_pool,g6x10,carrier_brd,1,342,390.0,390000000,68,138,136,47,0.0994,193,342,390,390000000,342,390,390000000,0,0,0,0,0,0,0,0,NOT_ATTEMPTED,0,0,0,0,-1,-1,-1,-1,-1,0,0,0,0,0,0,0,0,0,0,0,0,0,0,0,0,0,0,0,0,0,0,0,0,0,0,0,0,0,0,0,0,BOTTLENECK_TARGET_FRONTIER_CONTINUITY_V2,0,0,0,0,0,0,0,0,0,0,0,0,0,0,0,0,0,0.092973,0,0,0,0,0,0,6.14515,168.096,74,99,68,68,1.27313,68,68,1,20,48,68,0.373144,0.012356,0,1,0,68,68,0,68,68,"1,1,1,1,1,1,1,1,1,1,1,1,1,1,1,1,1,1,1,1,1,1,1,1,1,1,1,1,1,1,1,1,1,1,1,1,1,1,1,1,1,1,1,1,1,1,1,1,1,1,1,1,1,1,1,1,1,1,1,1,1,1,1,1,1,1,1,1",0,0,68,7.94923,410,0,0.046836,1.29021,342,390000000,0,188,1,SOLVED,193,193.842,16b9cabb96908f3cfdf78e303c07323306c788b183f3baff6108e885fb536feb,0.202,ok,
brap_h6w10_a6_e1_R1_seed0,g6x10,carrier_brd,0,,,,,,,,,,,,,,,,,,,,,,,,,,,,,,,,,,,,,,,,,,,,,,,,,,,,,,,,,,,,,,,,,,,,,,,,,,,,,,,,,,,,,,,,,,,0.648653,8503.41,64,4051,0,0,0,0,0,0,0,0,0,0,0,0,0,0,0,0,0,0,0,,0,0,0,0,0,0,0,0,0,-1,0,-1,0,UPPER_TIMEOUT,,,,8.508,timeout, brd_raw_ticks=0 brd_raw_work_scaled=-1 brd_goal_prefix_removed=0 brd_incidental_goal_prefix_ms=-1 brd_raw_plan_valid=0 brd_exit_reason=UPPER_TIMEOUT
brap_h6w10_a6_e1_R1_seed1,g6x10,carrier_brd,0,,,,,,,,,,,,,,,,,,,,,,,,,,,,,,,,,,,,,,,,,,,,,,,,,,,,,,,,,,,,,,,,,,,,,,,,,,,,,,,,,,,,,,,,,,,0.154571,8778.28,35,179213,0,0,0,0,0,0,0,0,0,0,0,0,0,0,0,0,0,0,0,,0,0,0,0,0,0,0,0,0,-1,0,-1,0,UPPER_TIMEOUT,,,,8.799,timeout, brd_raw_ticks=0 brd_raw_work_scaled=-1 brd_goal_prefix_removed=0 brd_incidental_goal_prefix_ms=-1 brd_raw_plan_valid=0 brd_exit_reason=UPPER_TIMEOUT
brap_h80w80_a128_e1600_B_seed0_pool,g80x80,carrier_brd,0,,,,,,,,,,,,,,,,,,,,,,,,,,,,,,,,,,,,,,,,,,,,,,,,,,,,,,,,,,,,,,,,,,,,,,,,,,,,,,,,,,,,,,,,,,,8501.04,0,0,0,0,0,0,0,0,0,0,0,0,0,0,0,0,0,0,0,0,0,0,,0,0,0,0,0,0,0,0,0,-1,0,-1,0,SEARCH_TIMEOUT,,,,8.529,timeout,brd_raw_ticks=0 brd_raw_work_scaled=-1 brd_goal_prefix_removed=0 brd_incidental_goal_prefix_ms=-1 brd_raw_plan_valid=0 brd_exit_reason=SEARCH_TIMEOUT
brap_h80w80_a128_e1600_B_seed1_pool,g80x80,carrier_brd,0,,,,,,,,,,,,,,,,,,,,,,,,,,,,,,,,,,,,,,,,,,,,,,,,,,,,,,,,,,,,,,,,,,,,,,,,,,,,,,,,,,,,,,,,,,,8501.02,0,0,0,0,0,0,0,0,0,0,0,0,0,0,0,0,0,0,0,0,0,0,,0,0,0,0,0,0,0,0,0,-1,0,-1,0,SEARCH_TIMEOUT,,,,8.53,timeout,brd_raw_ticks=0 brd_raw_work_scaled=-1 brd_goal_prefix_removed=0 brd_incidental_goal_prefix_ms=-1 brd_raw_plan_valid=0 brd_exit_reason=SEARCH_TIMEOUT
brap_h80w80_a128_e1600_R1_seed0,g80x80,carrier_brd,0,,,,,,,,,,,,,,,,,,,,,,,,,,,,,,,,,,,,,,,,,,,,,,,,,,,,,,,,,,,,,,,,,,,,,,,,,,,,,,,,,,,,,,,,,,,52.4432,871.917,518,518,517,4738,731.186,517,4738,117,1632,3106,3,6458.83,2.65318,0,117,0,48,32,0,3,2,"1,1",0,1,2,15.8822,10,0,0.016431,0,8,-1,0,-1,0,DISPATCH_TIMEOUT,,,,8.53,timeout,d_raw_ticks=8 brd_raw_work_scaled=-1 brd_goal_prefix_removed=0 brd_incidental_goal_prefix_ms=-1 brd_raw_plan_valid=0 brd_exit_reason=DISPATCH_TIMEOUT
brap_h80w80_a128_e1600_R1_seed1,g80x80,carrier_brd,0,,,,,,,,,,,,,,,,,,,,,,,,,,,,,,,,,,,,,,,,,,,,,,,,,,,,,,,,,,,,,,,,,,,,,,,,,,,,,,,,,,,,,,,,,,,53.8372,590.606,368,368,367,3728,515.007,367,3728,123,1403,2325,4,7052.88,3.23283,0,123,0,60,46,0,4,3,"1,1,1",2,1,3,22.1389,14,0,0.018122,0,11,-1,0,-1,0,DISPATCH_TIMEOUT,,,,8.531,timeout,_raw_ticks=11 brd_raw_work_scaled=-1 brd_goal_prefix_removed=0 brd_incidental_goal_prefix_ms=-1 brd_raw_plan_valid=0 brd_exit_reason=DISPATCH_TIMEOUT
brap_h80w80_a128_e160_B_seed0_pool,g80x80,carrier_brd,0,,,,,,,,,,,,,,,,,,,,,,,,,,,,,,,,,,,,,,,,,,,,,,,,,,,,,,,,,,,,,,,,,,,,,,,,,,,,,,,,,,,,,,,,,,,8501.04,0,0,0,0,0,0,0,0,0,0,0,0,0,0,0,0,0,0,0,0,0,0,,0,0,0,0,0,0,0,0,0,-1,0,-1,0,SEARCH_TIMEOUT,,,,8.535,timeout,brd_raw_ticks=0 brd_raw_work_scaled=-1 brd_goal_prefix_removed=0 brd_incidental_goal_prefix_ms=-1 brd_raw_plan_valid=0 brd_exit_reason=SEARCH_TIMEOUT
brap_h80w80_a128_e160_B_seed1_pool,g80x80,carrier_brd,0,,,,,,,,,,,,,,,,,,,,,,,,,,,,,,,,,,,,,,,,,,,,,,,,,,,,,,,,,,,,,,,,,,,,,,,,,,,,,,,,,,,,,,,,,,,8501,0,0,0,0,0,0,0,0,0,0,0,0,0,0,0,0,0,0,0,0,0,0,,0,0,0,0,0,0,0,0,0,-1,0,-1,0,SEARCH_TIMEOUT,,,,8.536,timeout,brd_raw_ticks=0 brd_raw_work_scaled=-1 brd_goal_prefix_removed=0 brd_incidental_goal_prefix_ms=-1 brd_raw_plan_valid=0 brd_exit_reason=SEARCH_TIMEOUT
brap_h80w80_a128_e160_R1_seed0,g80x80,carrier_brd,0,,,,,,,,,,,,,,,,,,,,,,,,,,,,,,,,,,,,,,,,,,,,,,,,,,,,,,,,,,,,,,,,,,,,,,,,,,,,,,,,,,,,,,,,,,,81.5447,8420.07,145,145,0,0,0,0,0,0,0,0,0,0,0,0,0,0,0,0,0,0,0,,0,0,0,0,0,0,0,0,0,-1,0,-1,0,UPPER_TIMEOUT,,,,8.534,timeout, brd_raw_ticks=0 brd_raw_work_scaled=-1 brd_goal_prefix_removed=0 brd_incidental_goal_prefix_ms=-1 brd_raw_plan_valid=0 brd_exit_reason=UPPER_TIMEOUT
brap_h80w80_a128_e160_R1_seed1,g80x80,carrier_brd,0,,,,,,,,,,,,,,,,,,,,,,,,,,,,,,,,,,,,,,,,,,,,,,,,,,,,,,,,,,,,,,,,,,,,,,,,,,,,,,,,,,,,,,,,,,,88.0178,8413.85,169,169,0,0,0,0,0,0,0,0,0,0,0,0,0,0,0,0,0,0,0,,0,0,0,0,0,0,0,0,0,-1,0,-1,0,UPPER_TIMEOUT,,,,8.535,timeout, brd_raw_ticks=0 brd_raw_work_scaled=-1 brd_goal_prefix_removed=0 brd_incidental_goal_prefix_ms=-1 brd_raw_plan_valid=0 brd_exit_reason=UPPER_TIMEOUT
brap_h80w80_a160_e1600_B_seed0_pool,g80x80,carrier_brd,0,,,,,,,,,,,,,,,,,,,,,,,,,,,,,,,,,,,,,,,,,,,,,,,,,,,,,,,,,,,,,,,,,,,,,,,,,,,,,,,,,,,,,,,,,,,8501.03,0,0,0,0,0,0,0,0,0,0,0,0,0,0,0,0,0,0,0,0,0,0,,0,0,0,0,0,0,0,0,0,-1,0,-1,0,SEARCH_TIMEOUT,,,,8.53,timeout,brd_raw_ticks=0 brd_raw_work_scaled=-1 brd_goal_prefix_removed=0 brd_incidental_goal_prefix_ms=-1 brd_raw_plan_valid=0 brd_exit_reason=SEARCH_TIMEOUT
brap_h80w80_a160_e1600_B_seed1_pool,g80x80,carrier_brd,0,,,,,,,,,,,,,,,,,,,,,,,,,,,,,,,,,,,,,,,,,,,,,,,,,,,,,,,,,,,,,,,,,,,,,,,,,,,,,,,,,,,,,,,,,,,8501.03,0,0,0,0,0,0,0,0,0,0,0,0,0,0,0,0,0,0,0,0,0,0,,0,0,0,0,0,0,0,0,0,-1,0,-1,0,SEARCH_TIMEOUT,,,,8.53,timeout,brd_raw_ticks=0 brd_raw_work_scaled=-1 brd_goal_prefix_removed=0 brd_incidental_goal_prefix_ms=-1 brd_raw_plan_valid=0 brd_exit_reason=SEARCH_TIMEOUT
brap_h80w80_a160_e160_B_seed0_pool,g80x80,carrier_brd,0,,,,,,,,,,,,,,,,,,,,,,,,,,,,,,,,,,,,,,,,,,,,,,,,,,,,,,,,,,,,,,,,,,,,,,,,,,,,,,,,,,,,,,,,,,,8501.01,0,0,0,0,0,0,0,0,0,0,0,0,0,0,0,0,0,0,0,0,0,0,,0,0,0,0,0,0,0,0,0,-1,0,-1,0,SEARCH_TIMEOUT,,,,8.538,timeout,brd_raw_ticks=0 brd_raw_work_scaled=-1 brd_goal_prefix_removed=0 brd_incidental_goal_prefix_ms=-1 brd_raw_plan_valid=0 brd_exit_reason=SEARCH_TIMEOUT
brap_h80w80_a160_e160_B_seed1_pool,g80x80,carrier_brd,0,,,,,,,,,,,,,,,,,,,,,,,,,,,,,,,,,,,,,,,,,,,,,,,,,,,,,,,,,,,,,,,,,,,,,,,,,,,,,,,,,,,,,,,,,,,8501,0,0,0,0,0,0,0,0,0,0,0,0,0,0,0,0,0,0,0,0,0,0,,0,0,0,0,0,0,0,0,0,-1,0,-1,0,SEARCH_TIMEOUT,,,,8.536,timeout,brd_raw_ticks=0 brd_raw_work_scaled=-1 brd_goal_prefix_removed=0 brd_incidental_goal_prefix_ms=-1 brd_raw_plan_valid=0 brd_exit_reason=SEARCH_TIMEOUT
brap_h80w80_a800_e1600_R1_seed0,g80x80,carrier_brd,0,,,,,,,,,,,,,,,,,,,,,,,,,,,,,,,,,,,,,,,,,,,,,,,,,,,,,,,,,,,,,,,,,,,,,,,,,,,,,,,,,,,,,,,,,,,8502.68,0,0,0,0,0,0,0,0,0,0,0,0,0,0,0,0,0,0,0,0,0,0,,0,0,0,0,0,0,0,0,0,-1,0,-1,0,SEARCH_TIMEOUT,,,,8.54,timeout,brd_raw_ticks=0 brd_raw_work_scaled=-1 brd_goal_prefix_removed=0 brd_incidental_goal_prefix_ms=-1 brd_raw_plan_valid=0 brd_exit_reason=SEARCH_TIMEOUT
brap_h80w80_a800_e1600_R1_seed1,g80x80,carrier_brd,0,,,,,,,,,,,,,,,,,,,,,,,,,,,,,,,,,,,,,,,,,,,,,,,,,,,,,,,,,,,,,,,,,,,,,,,,,,,,,,,,,,,,,,,,,,,8502.61,0,0,0,0,0,0,0,0,0,0,0,0,0,0,0,0,0,0,0,0,0,0,,0,0,0,0,0,0,0,0,0,-1,0,-1,0,SEARCH_TIMEOUT,,,,8.541,timeout,brd_raw_ticks=0 brd_raw_work_scaled=-1 brd_goal_prefix_removed=0 brd_incidental_goal_prefix_ms=-1 brd_raw_plan_valid=0 brd_exit_reason=SEARCH_TIMEOUT
brap_h80w80_a800_e160_R1_seed0,g80x80,carrier_brd,0,,,,,,,,,,,,,,,,,,,,,,,,,,,,,,,,,,,,,,,,,,,,,,,,,,,,,,,,,,,,,,,,,,,,,,,,,,,,,,,,,,,,,,,,,,,8502.42,0,0,0,0,0,0,0,0,0,0,0,0,0,0,0,0,0,0,0,0,0,0,,0,0,0,0,0,0,0,0,0,-1,0,-1,0,SEARCH_TIMEOUT,,,,8.548,timeout,brd_raw_ticks=0 brd_raw_work_scaled=-1 brd_goal_prefix_removed=0 brd_incidental_goal_prefix_ms=-1 brd_raw_plan_valid=0 brd_exit_reason=SEARCH_TIMEOUT
brap_h80w80_a800_e160_R1_seed1,g80x80,carrier_brd,0,,,,,,,,,,,,,,,,,,,,,,,,,,,,,,,,,,,,,,,,,,,,,,,,,,,,,,,,,,,,,,,,,,,,,,,,,,,,,,,,,,,,,,,,,,,8502.53,0,0,0,0,0,0,0,0,0,0,0,0,0,0,0,0,0,0,0,0,0,0,,0,0,0,0,0,0,0,0,0,-1,0,-1,0,SEARCH_TIMEOUT,,,,8.548,timeout,brd_raw_ticks=0 brd_raw_work_scaled=-1 brd_goal_prefix_removed=0 brd_incidental_goal_prefix_ms=-1 brd_raw_plan_valid=0 brd_exit_reason=SEARCH_TIMEOUT
brap_h8w10_a10_e20_B_seed0_pool,g8x10,carrier_brd,1,74,129.0,129000000,16,76,32,6,0.1081,12,74,129,129000000,74,129,129000000,0,0,0,0,0,0,0,0,NOT_ATTEMPTED,0,0,0,0,-1,-1,-1,-1,-1,0,0,0,0,0,0,0,0,0,0,0,0,0,0,0,0,0,0,0,0,0,0,0,0,0,0,0,0,0,0,0,0,BOTTLENECK_TARGET_FRONTIER_CONTINUITY_V2,0,0,0,0,0,0,0,0,0,0,0,0,0,0,0,0,0,0.025952,0,0,0,0,0,0,6.55669,0.99341,6,6,5,16,0.124084,5,16,4,11,5,15,0.258342,0.008781,0,4,0,23,23,0,15,15,"1,1,1,1,1,2,1,1,1,1,1,1,1,1,1",1,2,15,1.97935,89,0,0.015057,0.255772,74,129000000,0,11,1,SOLVED,12,12.0526,937441d460d0b5e58cc30a5df240c3afd86be5a971a8c7a27b8766661dd4e9ca,0.021,ok,
brap_h8w10_a10_e20_B_seed1_pool,g8x10,carrier_brd,1,295,560.0,560000000,71,308,142,39,0.1203,31,295,560,560000000,295,560,560000000,0,0,0,0,0,0,0,0,NOT_ATTEMPTED,4,0,0,0,-1,-1,-1,-1,-1,0,0,0,0,0,0,0,0,0,0,0,0,0,0,0,0,0,0,0,0,0,0,0,0,0,0,0,0,0,0,0,0,BOTTLENECK_TARGET_FRONTIER_CONTINUITY_V2,0,0,0,0,0,0,0,0,0,0,0,0,0,0,0,0,0,0.108929,0,0,0,0,0,0,6.50466,6.44977,21,21,20,71,0.497708,20,71,6,32,39,67,1.29025,0.040004,0,6,0,95,95,0,67,67,"1,1,1,1,1,1,1,1,1,1,1,1,1,1,1,1,1,1,1,1,1,1,2,1,1,1,2,1,1,1,1,1,1,1,1,1,1,1,1,1,1,1,1,2,1,1,1,1,1,1,1,1,1,1,1,1,1,2,1,1,1,1,1,1,1,1,1",1,6,67,8.23461,362,0,0.083453,1.09445,295,560000000,0,27,1,SOLVED,31,31.743,78bbaac470e08dc68fe9111cd18766f50d35c696ec89a93b242e19ec657fc5b8,0.04,ok,
brap_h8w10_a10_e20_R1_seed0,g8x10,carrier_brd,1,255,445.0,445000000,56,249,112,24,0.1098,19,255,445,445000000,255,445,445000000,0,0,0,0,0,0,0,0,NOT_ATTEMPTED,0,0,0,0,-1,-1,-1,-1,-1,0,0,0,0,0,0,0,0,0,0,0,0,0,0,0,0,0,0,0,0,0,0,0,0,0,0,0,0,0,0,0,0,BOTTLENECK_TARGET_FRONTIER_CONTINUITY_V2,0,0,0,0,0,0,0,0,0,0,0,0,0,0,0,0,0,0.089381,0,0,0,0,0,0,0.113028,3.73601,22,22,21,56,0.491008,21,56,8,28,28,54,1.07997,0.030345,0,8,0,76,76,0,54,54,"1,2,1,1,1,1,1,1,1,1,1,1,1,1,1,1,1,1,1,1,1,1,1,1,1,1,1,1,1,1,1,1,1,1,1,1,1,1,1,1,1,2,1,1,1,1,1,1,1,1,1,1,1,1",1,2,54,6.38599,309,0,0.050664,0.871652,255,445000000,0,15,1,SOLVED,19,19.3128,eb8b71017265aea4864778bf0ab1e801154a6cc966619231fe6ce5958a8cf6c2,0.028,ok,
brap_h8w10_a10_e20_R1_seed1,g8x10,carrier_brd,1,273,433.0,433000000,64,210,128,31,0.1172,20,273,433,433000000,273,433,433000000,0,0,0,0,0,0,0,0,NOT_ATTEMPTED,1,0,0,0,-1,-1,-1,-1,-1,0,0,0,0,0,0,0,0,0,0,0,0,0,0,0,0,0,0,0,0,0,0,0,0,0,0,0,0,0,0,0,0,BOTTLENECK_TARGET_FRONTIER_CONTINUITY_V2,0,0,0,0,0,0,0,0,0,0,0,0,0,0,0,0,0,0.089571,0,0,0,0,0,0,0.129558,3.85824,39,39,38,64,0.804694,38,64,7,33,31,59,0.861946,0.024742,0,7,0,71,71,0,59,59,"1,1,1,2,1,1,2,1,1,1,1,1,1,1,1,1,1,1,1,1,1,1,1,1,1,2,2,1,1,1,1,1,1,1,1,1,1,1,1,1,1,1,2,1,1,1,1,1,1,1,1,1,1,1,1,1,1,1,1",1,4,59,6.71836,332,0,0.063335,0.99056,273,433000000,0,16,1,SOLVED,20,20.4804,c3d6c97a84fd69ca819ab7c6bb86070e09502689ba2f3cc9b5a065ab5014c528,0.028,ok,
brap_h8w10_a10_e2_B_seed0_pool,g8x10,carrier_brd,1,335,609.0,609000000,104,211,208,57,0.1552,85,335,609,609000000,335,609,609000000,0,0,0,0,0,0,0,0,NOT_ATTEMPTED,0,0,0,0,-1,-1,-1,-1,-1,0,0,0,0,0,0,0,0,0,0,0,0,0,0,0,0,0,0,0,0,0,0,0,0,0,0,0,0,0,0,0,0,BOTTLENECK_TARGET_FRONTIER_CONTINUITY_V2,0,0,0,0,0,0,0,0,0,0,0,0,0,0,0,0,0,0.121322,0,0,0,0,0,0,17.5006,43.6795,67,67,66,104,1.61779,66,104,2,18,86,69,0.59009,0.021631,0,2,0,104,104,0,69,69,"2,2,2,2,2,2,2,2,2,2,1,1,2,1,1,2,2,2,2,1,1,2,2,2,2,2,2,2,2,2,2,2,2,1,1,1,1,1,1,2,2,2,2,2,2,2,2,1,1,1,1,1,1,1,1,1,1,1,1,1,1,1,1,1,1,1,1,1,1",1,0,69,9.77656,404,0,0.06301,1.59862,335,609000000,0,79,1,SOLVED,85,85.6824,75651d604d6a7db0bc4d17fe74bdfe0112fd9d5a8e11561b5ab2ea560a424b17,0.095,ok,
brap_h8w10_a10_e2_B_seed1_pool,g8x10,carrier_brd,1,253,533.0,533000000,91,182,182,44,0.1798,126,253,533,533000000,253,533,533000000,0,0,0,0,0,0,0,0,NOT_ATTEMPTED,0,0,0,0,-1,-1,-1,-1,-1,0,0,0,0,0,0,0,0,0,0,0,0,0,0,0,0,0,0,0,0,0,0,0,0,0,0,0,0,0,0,0,0,BOTTLENECK_TARGET_FRONTIER_CONTINUITY_V2,0,0,0,0,0,0,0,0,0,0,0,0,0,0,0,0,0,0.097373,0,0,0,0,0,0,13.8876,94.2693,52,53,50,91,1.33302,50,91,2,13,78,53,0.516511,0.019923,0,2,0,91,91,0,53,53,"2,2,2,2,2,2,2,2,2,2,2,2,1,2,2,2,2,2,1,1,2,2,2,2,2,2,2,2,2,2,2,1,1,1,1,2,2,1,1,2,1,2,2,2,2,2,2,2,1,1,1,1,1",1,0,53,7.41008,306,0,0.049777,1.11415,253,533000000,0,122,1,SOLVED,126,126.693,1683cca2bbba93367e7fcd803dead287e29b5e6933d5a91ef3c25877e04aa73b,0.136,ok,
brap_h8w10_a10_e2_R1_seed0,g8x10,carrier_brd,1,921,1774.0,1774000000,312,595,624,245,0.1694,500,921,1774,1774000000,921,1774,1774000000,0,0,0,0,0,0,0,0,NOT_ATTEMPTED,0,0,0,0,-1,-1,-1,-1,-1,0,0,0,0,0,0,0,0,0,0,0,0,0,0,0,0,0,0,0,0,0,0,0,0,0,0,0,0,0,0,0,0,BOTTLENECK_TARGET_FRONTIER_CONTINUITY_V2,0,0,0,0,0,0,0,0,0,0,0,0,0,0,0,0,0,0.332217,0,0,0,0,0,0,4.57636,430.796,191,197,183,312,4.88455,183,312,2,69,243,204,1.67603,0.070793,0,2,0,312,312,0,204,204,"1,1,1,1,2,2,1,1,2,2,2,2,2,2,2,2,2,2,1,1,2,2,2,2,2,2,2,2,2,2,2,2,2,2,2,2,2,2,2,2,2,2,2,2,2,2,1,1,2,2,2,2,2,1,1,1,1,1,1,1,1,1,1,1,1,1,1,1,2,1,1,2,2,2,2,2,2,2,2,1,2,2,2,2,2,2,1,1,2,2,2,2,2,2,2,1,1,1,1,1,2,2,2,1,1,1,1,1,1,1,1,1,1,2,2,2,2,2,2,2,2,2,2,2,2,2,2,2,2,2,2,2,2,2,2,2,2,2,2,2,2,2,2,2,2,1,1,1,1,2,1,1,1,2,1,1,1,1,1,1,1,1,1,1,2,2,1,1,1,1,1,1,1,1,1,1,1,1,1,1,1,2,2,2,1,1,2,1,1,1,1,1,1,1,1,1,1,1,1,1,1,1,1,1",1,0,204,25.3386,1125,0,0.168492,4.04231,921,1774000000,0,484,1,SOLVED,500,500.832,e275f919b6facfe68ada6ae485873f721ced6d9b055c8025eb2c2ac8dcb01a1c,0.512,ok,
brap_h8w10_a10_e2_R1_seed1,g8x10,carrier_brd,1,958,1457.0,1457000000,262,481,524,202,0.1367,464,958,1457,1457000000,958,1457,1457000000,0,0,0,0,0,0,0,0,NOT_ATTEMPTED,0,0,0,0,-1,-1,-1,-1,-1,0,0,0,0,0,0,0,0,0,0,0,0,0,0,0,0,0,0,0,0,0,0,0,0,0,0,0,0,0,0,0,0,BOTTLENECK_TARGET_FRONTIER_CONTINUITY_V2,0,0,0,0,0,0,0,0,0,0,0,0,0,0,0,0,0,0.301832,0,0,0,0,0,0,0.448057,399.829,192,192,191,262,4.71743,191,262,2,72,190,216,1.44122,0.048163,0,2,0,262,262,0,216,216,"1,1,1,1,2,1,1,2,1,1,1,1,1,1,1,1,1,1,2,1,1,1,1,2,2,2,2,2,2,2,2,2,2,2,2,1,1,2,2,2,2,2,2,2,1,1,1,1,1,1,2,2,2,2,2,2,2,2,2,2,2,2,2,2,2,2,1,1,1,1,1,1,1,1,1,1,1,1,1,1,1,1,1,1,1,1,1,1,1,1,1,1,1,1,1,1,1,1,1,1,1,1,1,1,1,1,1,1,1,1,2,1,1,2,1,1,2,1,1,1,1,1,1,2,1,1,2,1,1,2,1,1,1,2,1,1,2,1,1,1,1,1,1,1,1,1,1,1,1,1,1,1,1,1,1,1,1,1,1,1,1,1,1,1,1,1,1,1,1,1,1,1,1,1,1,1,1,1,1,1,1,1,1,1,1,1,1,1,1,1,1,1,1,1,1,1,1,1,1,1,1,1,1,1,1,1,1,1,1,1,1,1,1,1,1,1",1,0,216,25.0551,1174,0,0.154493,3.95052,958,1457000000,0,448,1,SOLVED,464,464.313,03412c42518ae9e3049c594a84f7032b59b59f34684a68dd97c419b28d519dc5,0.476,ok,
warehouse_blocks_h20w20_b3_a1_d25_r8_t12_seed0,warehouse_blocks,carrier_brd,1,28,156.0,156000000,37,91,28,2,0.1652,15,28,156,156000000,28,156,156000000,0,0,0,0,0,0,0,0,NOT_ATTEMPTED,0,0,0,0,-1,-1,-1,-1,-1,0,0,0,0,0,0,0,0,0,0,0,0,0,0,0,0,0,0,0,0,0,0,0,0,0,0,0,0,0,0,0,0,BOTTLENECK_TARGET_FRONTIER_CONTINUITY_V2,0,0,0,0,0,0,0,0,0,0,0,0,0,0,0,0,0,0.021888,0,0,0,0,0,0,1.46062,7.49814,3,3,2,14,2.29864,2,14,12,14,0,9,0.812867,0.025571,0,12,0,36,36,0,9,9,"3,1,1,1,2,1,1,2,2",3,3,9,1.21983,37,0,0.011146,0.123255,28,156000000,0,15,1,SOLVED,15,15.4916,4a94f7f91dddab23a62407d376a569e6051f219632f7fc1797fad8f486354f77,0.023,ok,
warehouse_blocks_h20w20_b3_a1_d50_r8_t12_seed0,warehouse_blocks,carrier_brd,1,26,157.0,157000000,33,100,24,0,0.1587,20,26,157,157000000,26,157,157000000,0,0,0,0,0,0,0,0,NOT_ATTEMPTED,4,0,0,0,-1,-1,-1,-1,-1,0,0,0,0,0,0,0,0,0,0,0,0,0,0,0,0,0,0,0,0,0,0,0,0,0,0,0,0,0,0,0,0,BOTTLENECK_TARGET_FRONTIER_CONTINUITY_V2,0,0,0,0,0,0,0,0,0,0,0,0,0,0,0,0,0,0.028011,0,0,0,0,0,0,1.39143,9.98416,2,2,1,12,2.25442,1,12,12,12,0,9,0.988243,0.032776,0,12,0,37,37,0,9,9,"1,2,1,1,1,2,2,1,1",4,8,9,2.08293,35,0,0.011385,0.233354,26,157000000,0,19,1,SOLVED,20,20.1266,93aac27a71958ac7d38d4ca3efdce62cb0014f76de3a3894206a37ad413f06ad,0.028,ok,
warehouse_blocks_h20w20_b3_a1_d75_r8_t12_seed0,warehouse_blocks,carrier_brd,1,21,130.0,130000000,37,69,24,0,0.2202,23,21,130,130000000,21,130,130000000,0,0,0,0,0,0,0,0,NOT_ATTEMPTED,1,0,0,0,-1,-1,-1,-1,-1,0,0,0,0,0,0,0,0,0,0,0,0,0,0,0,0,0,0,0,0,0,0,0,0,0,0,0,0,0,0,0,0,BOTTLENECK_TARGET_FRONTIER_CONTINUITY_V2,0,0,0,0,0,0,0,0,0,0,0,0,0,0,0,0,0,0.020748,0,0,0,0,0,0,1.39381,12.4433,2,2,1,12,2.37459,1,12,12,12,0,8,0.764762,0.022622,0,12,0,27,27,0,8,8,"3,2,1,1,1,2,1,1",3,2,8,2.45492,29,0,0.010331,0.394907,21,130000000,0,22,1,SOLVED,23,23.898,0b1d5bb5534d9c2486a2b3bb373fd51cf6a6950130093219142b6a521c71ea0a,0.032,ok,
warehouse_blocks_h20w20_b4_a1_d25_r8_t12_seed0,warehouse_blocks,carrier_brd,1,27,126.0,126000000,31,65,30,3,0.1435,12,27,126,126000000,27,126,126000000,0,0,0,0,0,0,0,0,NOT_ATTEMPTED,2,0,0,0,-1,-1,-1,-1,-1,0,0,0,0,0,0,0,0,0,0,0,0,0,0,0,0,0,0,0,0,0,0,0,0,0,0,0,0,0,0,0,0,BOTTLENECK_TARGET_FRONTIER_CONTINUITY_V2,0,0,0,0,0,0,0,0,0,0,0,0,0,0,0,0,0,0.021249,0,0,0,0,0,0,1.26689,4.56235,4,4,3,15,2.08531,3,15,12,15,0,10,0.914956,0.027276,0,12,0,32,32,0,10,10,"1,2,2,2,2,1,2,1,1,1",3,6,10,1.35734,37,0,0.012059,0.139455,27,126000000,0,11,1,SOLVED,12,12.4743,f11514b40bb4dc0a87eac305281415187794daa0438c4769e00a1ce2a593adf7,0.02,ok,
warehouse_blocks_h20w20_b4_a1_d50_r8_t12_seed0,warehouse_blocks,carrier_brd,1,28,148.0,148000000,29,93,26,1,0.1295,19,28,148,148000000,28,148,148000000,0,0,0,0,0,0,0,0,NOT_ATTEMPTED,4,0,0,0,-1,-1,-1,-1,-1,0,0,0,0,0,0,0,0,0,0,0,0,0,0,0,0,0,0,0,0,0,0,0,0,0,0,0,0,0,0,0,0,BOTTLENECK_TARGET_FRONTIER_CONTINUITY_V2,0,0,0,0,0,0,0,0,0,0,0,0,0,0,0,0,0,0.023073,0,0,0,0,0,0,1.34129,9.39612,3,3,2,13,2.07228,2,13,12,13,0,10,0.958192,0.029464,0,12,0,35,35,0,10,10,"1,2,2,1,1,2,1,1,1,1",4,4,10,2.23905,38,0,0.01258,0.251827,28,148000000,0,18,1,SOLVED,19,19.3376,a32ece450f3dcd758bf3efbe8fa686f9801a17541c6091e125181300cdc4a3cd,0.027,ok,
warehouse_blocks_h20w20_b4_a1_d75_r8_t12_seed0,warehouse_blocks,carrier_brd,1,34,160.0,160000000,45,80,28,1,0.1654,27,34,160,160000000,34,160,160000000,0,0,0,0,0,0,0,0,NOT_ATTEMPTED,0,0,0,0,-1,-1,-1,-1,-1,0,0,0,0,0,0,0,0,0,0,0,0,0,0,0,0,0,0,0,0,0,0,0,0,0,0,0,0,0,0,0,0,BOTTLENECK_TARGET_FRONTIER_CONTINUITY_V2,0,0,0,0,0,0,0,0,0,0,0,0,0,0,0,0,0,0.027039,0,0,0,0,0,0,1.74606,12.2946,4,4,3,14,2.51005,3,14,12,13,1,10,0.743415,0.021914,0,12,0,28,28,0,10,10,"3,1,3,1,1,1,1,1,1,1",4,0,10,3.93892,44,0,0.014378,0.681908,34,160000000,0,25,1,SOLVED,27,27.9601,19b92d552f5495a270b10135cc580144401473be2507d728e3bc9d0e64132402,0.036,ok,
warehouse_blocks_h20w20_b9_a1_d25_r8_t12_seed0,warehouse_blocks,carrier_brd,1,27,144.0,144000000,35,75,34,5,0.162,13,27,144,144000000,27,144,144000000,0,0,0,0,0,0,0,0,NOT_ATTEMPTED,0,0,0,0,-1,-1,-1,-1,-1,0,0,0,0,0,0,0,0,0,0,0,0,0,0,0,0,0,0,0,0,0,0,0,0,0,0,0,0,0,0,0,0,BOTTLENECK_TARGET_FRONTIER_CONTINUITY_V2,0,0,0,0,0,0,0,0,0,0,0,0,0,0,0,0,0,0.022497,0,0,0,0,0,0,0.884241,6.59319,4,4,3,17,1.20123,3,17,11,17,0,11,0.750957,0.024131,0,11,0,29,29,0,11,11,"1,3,1,1,2,2,1,2,1,1,2",5,1,11,1.70149,38,0,0.012693,0.177877,27,144000000,0,12,1,SOLVED,13,13.3571,67fcd64302d9b6c3a72119bcb18f805ae1351595229afd50273ff817f41fc725,0.021,ok,
warehouse_blocks_h20w20_b9_a1_d50_r8_t12_seed0,warehouse_blocks,carrier_brd,1,33,158.0,158000000,31,92,30,2,0.1174,17,33,158,158000000,33,158,158000000,0,0,0,0,0,0,0,0,NOT_ATTEMPTED,2,0,0,0,-1,-1,-1,-1,-1,0,0,0,0,0,0,0,0,0,0,0,0,0,0,0,0,0,0,0,0,0,0,0,0,0,0,0,0,0,0,0,0,BOTTLENECK_TARGET_FRONTIER_CONTINUITY_V2,0,0,0,0,0,0,0,0,0,0,0,0,0,0,0,0,0,0.026969,0,0,0,0,0,0,0.975365,5.76327,4,4,3,15,1.31844,3,15,12,14,1,12,1.20768,0.037072,0,12,0,45,45,0,12,12,"1,2,1,1,2,1,1,1,2,1,1,1",4,5,12,3.39358,45,0,0.015124,0.578027,33,158000000,0,15,1,SOLVED,17,17.8484,1a86cea9518d41b31963d6233b9a88344d802d09b3129005520344203d3cc66d,0.026,ok,
warehouse_blocks_h20w20_b9_a1_d75_r8_t12_seed0,warehouse_blocks,carrier_brd,1,25,140.0,140000000,25,89,26,1,0.125,16,25,140,140000000,25,140,140000000,0,0,0,0,0,0,0,0,NOT_ATTEMPTED,3,0,0,0,-1,-1,-1,-1,-1,0,0,0,0,0,0,0,0,0,0,0,0,0,0,0,0,0,0,0,0,0,0,0,0,0,0,0,0,0,0,0,0,BOTTLENECK_TARGET_FRONTIER_CONTINUITY_V2,0,0,0,0,0,0,0,0,0,0,0,0,0,0,0,0,0,0.025462,0,0,0,0,0,0,0.798535,5.00727,3,3,2,13,1.20481,2,13,12,13,0,9,0.866124,0.028729,0,12,0,32,32,0,9,9,"1,3,1,1,2,1,2,1,1",3,7,9,3.45546,34,0,0.011444,0.557217,25,140000000,0,14,1,SOLVED,16,16.4851,cf7375f937a84f588e34f302a41fc34afec24a029597c6ce26fe2b758e21fa61,0.024,ok,
